{"id": "04415a0b-15bc-423c-babb-8ad87d5672bc", "name": null, "timestamp": "2024-03-21T00:00:00", "metadata": {}, "tags": [], "suite": {"metrics": [{"type": "evidently.metrics.data_quality.dataset_correlations_metric.DatasetCorrelationsMetric", "options": {"color": null, "render": null, "custom": {}, "data_definition": null}}, {"type": "evidently.metrics.data_quality.column_quantile_metric.ColumnQuantileMetric", "options": {"color": null, "render": null, "custom": {}, "data_definition": null}, "column_name": {"type": "evidently.base_metric.ColumnName", "name": "fare_amount", "display_name": "fare_amount", "dataset": "main"}, "quantile": 0.5}], "metric_results": [{"type": "evidently.metrics.data_quality.dataset_correlations_metric.DatasetCorrelationsMetricResult", "current": {"type": "evidently.metrics.data_quality.dataset_correlations_metric.DatasetCorrelation", "correlation": {"pearson": {"passenger_count": {"passenger_count": 1.0, "trip_distance": 0.002059903538181375, "fare_amount": -0.012121301202201515, "total_amount": -0.008098186816244387}, "trip_distance": {"passenger_count": 0.002059903538181375, "trip_distance": 1.0, "fare_amount": 0.8320208819422635, "total_amount": 0.8405890833492251}, "fare_amount": {"passenger_count": -0.012121301202201515, "trip_distance": 0.8320208819422635, "fare_amount": 1.0, "total_amount": 0.9577192802297975}, "total_amount": {"passenger_count": -0.008098186816244387, "trip_distance": 0.8405890833492251, "fare_amount": 0.9577192802297975, "total_amount": 1.0}}, "spearman": {"passenger_count": {"passenger_count": 1.0, "trip_distance": -0.023722649172001623, "fare_amount": -0.03401143991826731, "total_amount": -0.03133146605473954}, "trip_distance": {"passenger_count": -0.023722649172001623, "trip_distance": 1.0, "fare_amount": 0.8135405192992022, "total_amount": 0.8107634451356255}, "fare_amount": {"passenger_count": -0.03401143991826731, "trip_distance": 0.8135405192992022, "fare_amount": 1.0, "total_amount": 0.9449352949788603}, "total_amount": {"passenger_count": -0.03133146605473954, "trip_distance": 0.8107634451356255, "fare_amount": 0.9449352949788603, "total_amount": 1.0}}, "kendall": {"passenger_count": {"passenger_count": 1.0, "trip_distance": -0.019077816136713457, "fare_amount": -0.027718501455314237, "total_amount": -0.02509014597023615}, "trip_distance": {"passenger_count": -0.019077816136713457, "trip_distance": 1.0, "fare_amount": 0.7235076812129174, "total_amount": 0.6733580317554071}, "fare_amount": {"passenger_count": -0.027718501455314237, "trip_distance": 0.7235076812129174, "fare_amount": 1.0, "total_amount": 0.8090997030038419}, "total_amount": {"passenger_count": -0.02509014597023615, "trip_distance": 0.6733580317554071, "fare_amount": 0.8090997030038419, "total_amount": 1.0}}, "cramer_v": {"PULocationID": {"PULocationID": 1.0, "DOLocationID": 0.5477401937265249}, "DOLocationID": {"PULocationID": 0.5477401937265249, "DOLocationID": 1.0}}}, "stats": {"pearson": {"type": "evidently.metrics.data_quality.dataset_correlations_metric.CorrelationStats", "target_prediction_correlation": null, "abs_max_target_features_correlation": null, "abs_max_prediction_features_correlation": null, "abs_max_correlation": 0.9577192802297975, "abs_max_features_correlation": 0.9577192802297975}, "spearman": {"type": "evidently.metrics.data_quality.dataset_correlations_metric.CorrelationStats", "target_prediction_correlation": null, "abs_max_target_features_correlation": null, "abs_max_prediction_features_correlation": null, "abs_max_correlation": 0.9449352949788603, "abs_max_features_correlation": 0.9449352949788603}, "kendall": {"type": "evidently.metrics.data_quality.dataset_correlations_metric.CorrelationStats", "target_prediction_correlation": null, "abs_max_target_features_correlation": null, "abs_max_prediction_features_correlation": null, "abs_max_correlation": 0.8090997030038419, "abs_max_features_correlation": 0.8090997030038419}, "cramer_v": {"type": "evidently.metrics.data_quality.dataset_correlations_metric.CorrelationStats", "target_prediction_correlation": null, "abs_max_target_features_correlation": null, "abs_max_prediction_features_correlation": null, "abs_max_correlation": 0.5477401937265249, "abs_max_features_correlation": 0.5477401937265249}}, "correlations_calculate": {"pearson": {"passenger_count": {"passenger_count": 1.0, "trip_distance": 0.002059903538181375, "fare_amount": -0.012121301202201515, "total_amount": -0.008098186816244387}, "trip_distance": {"passenger_count": 0.002059903538181375, "trip_distance": 1.0, "fare_amount": 0.8320208819422635, "total_amount": 0.8405890833492251}, "fare_amount": {"passenger_count": -0.012121301202201515, "trip_distance": 0.8320208819422635, "fare_amount": 1.0, "total_amount": 0.9577192802297975}, "total_amount": {"passenger_count": -0.008098186816244387, "trip_distance": 0.8405890833492251, "fare_amount": 0.9577192802297975, "total_amount": 1.0}}, "spearman": {"passenger_count": {"passenger_count": 1.0, "trip_distance": -0.023722649172001623, "fare_amount": -0.03401143991826731, "total_amount": -0.03133146605473954}, "trip_distance": {"passenger_count": -0.023722649172001623, "trip_distance": 1.0, "fare_amount": 0.8135405192992022, "total_amount": 0.8107634451356255}, "fare_amount": {"passenger_count": -0.03401143991826731, "trip_distance": 0.8135405192992022, "fare_amount": 1.0, "total_amount": 0.9449352949788603}, "total_amount": {"passenger_count": -0.03133146605473954, "trip_distance": 0.8107634451356255, "fare_amount": 0.9449352949788603, "total_amount": 1.0}}, "kendall": {"passenger_count": {"passenger_count": 1.0, "trip_distance": -0.019077816136713457, "fare_amount": -0.027718501455314237, "total_amount": -0.02509014597023615}, "trip_distance": {"passenger_count": -0.019077816136713457, "trip_distance": 1.0, "fare_amount": 0.7235076812129174, "total_amount": 0.6733580317554071}, "fare_amount": {"passenger_count": -0.027718501455314237, "trip_distance": 0.7235076812129174, "fare_amount": 1.0, "total_amount": 0.8090997030038419}, "total_amount": {"passenger_count": -0.02509014597023615, "trip_distance": 0.6733580317554071, "fare_amount": 0.8090997030038419, "total_amount": 1.0}}, "cramer_v": {"PULocationID": {"PULocationID": 1.0, "DOLocationID": 0.5477401937265249}, "DOLocationID": {"PULocationID": 0.5477401937265249, "DOLocationID": 1.0}}}}, "reference": null, "target_correlation": null}, {"type": "evidently.metrics.data_quality.column_quantile_metric.ColumnQuantileMetricResult", "column_name": "fare_amount", "column_type": "num", "quantile": 0.5, "current": {"type": "evidently.metrics.data_quality.column_quantile_metric.QuantileStats", "value": 13.5, "distribution": {"type": "evidently.metric_results.Distribution", "x": [-8.6, -2.394444444444445, 3.81111111111111, 10.016666666666664, 16.22222222222222, 22.427777777777777, 28.633333333333326, 34.83888888888888, 41.04444444444444, 47.24999999999999, 53.45555555555555, 59.661111111111104, 65.86666666666666, 72.07222222222222, 78.27777777777777, 84.48333333333333, 90.68888888888888, 96.89444444444443, 103.1], "y": [7, 19, 624, 620, 376, 149, 111, 55, 17, 9, 7, 3, 8, 1, 1, 1, 0, 2]}}, "reference": null}], "tests": [], "test_results": [], "options": {"color": null, "render": null, "custom": {}, "data_definition": null}, "data_definition": {"columns": {"passenger_count": {"column_name": "passenger_count", "column_type": "num"}, "trip_distance": {"column_name": "trip_distance", "column_type": "num"}, "fare_amount": {"column_name": "fare_amount", "column_type": "num"}, "total_amount": {"column_name": "total_amount", "column_type": "num"}, "PULocationID": {"column_name": "PULocationID", "column_type": "cat"}, "DOLocationID": {"column_name": "DOLocationID", "column_type": "cat"}, "lpep_pickup_datetime": {"column_name": "lpep_pickup_datetime", "column_type": "datetime"}, "lpep_dropoff_datetime": {"column_name": "lpep_dropoff_datetime", "column_type": "datetime"}}, "target": null, "prediction_columns": null,