{"id": "17c20abc-e556-4ea6-88b4-405c0ac28b6c", "name": null, "timestamp": "2024-03-12T00:00:00", "metadata": {}, "tags": [], "suite": {"metrics": [{"type": "evidently.metrics.data_quality.dataset_correlations_metric.DatasetCorrelationsMetric", "options": {"color": null, "render": null, "custom": {}, "data_definition": null}}, {"type": "evidently.metrics.data_quality.column_quantile_metric.ColumnQuantileMetric", "options": {"color": null, "render": null, "custom": {}, "data_definition": null}, "column_name": {"type": "evidently.base_metric.ColumnName", "name": "fare_amount", "display_name": "fare_amount", "dataset": "main"}, "quantile": 0.5}], "metric_results": [{"type": "evidently.metrics.data_quality.dataset_correlations_metric.DatasetCorrelationsMetricResult", "current": {"type": "evidently.metrics.data_quality.dataset_correlations_metric.DatasetCorrelation", "correlation": {"pearson": {"passenger_count": {"passenger_count": 1.0, "trip_distance": 0.0023272520868475367, "fare_amount": 0.006438162107454024, "total_amount": -0.0010071536855606699}, "trip_distance": {"passenger_count": 0.0023272520868475367, "trip_distance": 1.0, "fare_amount": 0.7111206470817586, "total_amount": 0.7492413382624616}, "fare_amount": {"passenger_count": 0.006438162107454024, "trip_distance": 0.7111206470817586, "fare_amount": 1.0, "total_amount": 0.9673814785910274}, "total_amount": {"passenger_count": -0.0010071536855606699, "trip_distance": 0.7492413382624616, "fare_amount": 0.9673814785910274, "total_amount": 1.0}}, "spearman": {"passenger_count": {"passenger_count": 1.0, "trip_distance": -0.0009923991926939107, "fare_amount": 0.014729080571900435, "total_amount": 0.0030842020164053934}, "trip_distance": {"passenger_count": -0.0009923991926939107, "trip_distance": 1.0, "fare_amount": 0.7786354966886494, "total_amount": 0.7644472021853772}, "fare_amount": {"passenger_count": 0.014729080571900435, "trip_distance": 0.7786354966886494, "fare_amount": 1.0, "total_amount": 0.9417544576506436}, "total_amount": {"passenger_count": 0.0030842020164053934, "trip_distance": 0.7644472021853772, "fare_amount": 0.9417544576506436, "total_amount": 1.0}}, "kendall": {"passenger_count": {"passenger_count": 1.0, "trip_distance": -0.000934204099681376, "fare_amount": 0.011954273614013989, "total_amount": 0.0025289367166610698}, "trip_distance": {"passenger_count": -0.000934204099681376, "trip_distance": 1.0, "fare_amount": 0.6963920249849168, "total_amount": 0.6345931164610401}, "fare_amount": {"passenger_count": 0.011954273614013989, "trip_distance": 0.6963920249849168, "fare_amount": 1.0, "total_amount": 0.8076396223185428}, "total_amount": {"passenger_count": 0.0025289367166610698, "trip_distance": 0.6345931164610401, "fare_amount": 0.8076396223185428, "total_amount": 1.0}}, "cramer_v": {"PULocationID": {"PULocationID": 1.0, "DOLocationID": 0.5523908426277082}, "DOLocationID": {"PULocationID": 0.5523908426277082, "DOLocationID": 1.0}}}, "stats": {"pearson": {"type": "evidently.metrics.data_quality.dataset_correlations_metric.CorrelationStats", "target_prediction_correlation": null, "abs_max_target_features_correlation": null, "abs_max_prediction_features_correlation": null, "abs_max_correlation": 0.9673814785910274, "abs_max_features_correlation": 0.9673814785910274}, "spearman": {"type": "evidently.metrics.data_quality.dataset_correlations_metric.CorrelationStats", "target_prediction_correlation": null, "abs_max_target_features_correlation": null, "abs_max_prediction_features_correlation": null, "abs_max_correlation": 0.9417544576506436, "abs_max_features_correlation": 0.9417544576506436}, "kendall": {"type": "evidently.metrics.data_quality.dataset_correlations_metric.CorrelationStats", "target_prediction_correlation": null, "abs_max_target_features_correlation": null, "abs_max_prediction_features_correlation": null, "abs_max_correlation": 0.8076396223185428, "abs_max_features_correlation": 0.8076396223185428}, "cramer_v": {"type": "evidently.metrics.data_quality.dataset_correlations_metric.CorrelationStats", "target_prediction_correlation": null, "abs_max_target_features_correlation": null, "abs_max_prediction_features_correlation": null, "abs_max_correlation": 0.5523908426277082, "abs_max_features_correlation": 0.5523908426277082}}, "correlations_calculate": {"pearson": {"passenger_count": {"passenger_count": 1.0, "trip_distance": 0.0023272520868475367, "fare_amount": 0.006438162107454024, "total_amount": -0.0010071536855606699}, "trip_distance": {"passenger_count": 0.0023272520868475367, "trip_distance": 1.0, "fare_amount": 0.7111206470817586, "total_amount": 0.7492413382624616}, "fare_amount": {"passenger_count": 0.006438162107454024, "trip_distance": 0.7111206470817586, "fare_amount": 1.0, "total_amount": 0.9673814785910274}, "total_amount": {"passenger_count": -0.0010071536855606699, "trip_distance": 0.7492413382624616, "fare_amount": 0.9673814785910274, "total_amount": 1.0}}, "spearman": {"passenger_count": {"passenger_count": 1.0, "trip_distance": -0.0009923991926939107, "fare_amount": 0.014729080571900435, "total_amount": 0.0030842020164053934}, "trip_distance": {"passenger_count": -0.0009923991926939107, "trip_distance": 1.0, "fare_amount": 0.7786354966886494, "total_amount": 0.7644472021853772}, "fare_amount": {"passenger_count": 0.014729080571900435, "trip_distance": 0.7786354966886494, "fare_amount": 1.0, "total_amount": 0.9417544576506436}, "total_amount": {"passenger_count": 0.0030842020164053934, "trip_distance": 0.7644472021853772, "fare_amount": 0.9417544576506436, "total_amount": 1.0}}, "kendall": {"passenger_count": {"passenger_count": 1.0, "trip_distance": -0.000934204099681376, "fare_amount": 0.011954273614013989, "total_amount": 0.0025289367166610698}, "trip_distance": {"passenger_count": -0.000934204099681376, "trip_distance": 1.0, "fare_amount": 0.6963920249849168, "total_amount": 0.6345931164610401}, "fare_amount": {"passenger_count": 0.011954273614013989, "trip_distance": 0.6963920249849168, "fare_amount": 1.0, "total_amount": 0.8076396223185428}, "total_amount": {"passenger_count": 0.0025289367166610698, "trip_distance": 0.6345931164610401, "fare_amount": 0.8076396223185428, "total_amount": 1.0}}, "cramer_v": {"PULocationID": {"PULocationID": 1.0, "DOLocationID": 0.5523908426277082}, "DOLocationID": {"PULocationID": 0.5523908426277082, "DOLocationID": 1.0}}}}, "reference": null, "target_correlation": null}, {"type": "evidently.metrics.data_quality.column_quantile_metric.ColumnQuantileMetricResult", "column_name": "fare_amount", "column_type": "num", "quantile": 0.5, "current": {"type": "evidently.metrics.data_quality.column_quantile_metric.QuantileStats", "value": 12.8, "distribution": {"type": "evidently.metric_results.Distribution", "x": [-7.2, 4.4947368421052625, 16.189473684210526, 27.884210526315787, 39.57894736842105, 51.27368421052631, 62.96842105263157, 74.66315789473684, 86.3578947368421, 98.05263157894736, 109.74736842105263, 121.4421052631579, 133.13684210526316, 144.83157894736843, 156.5263157894737, 168.22105263157894, 179.9157894736842, 191.61052631578949, 203.30526315789473, 215.0], "y": [49, 1073, 462, 121, 50, 20, 8, 5, 0, 1, 0, 1, 0, 1, 0, 0, 0, 0, 1]}}, "reference": null}], "tests": [], "test_results": [], "options": {"color": null, "render": null, "custom": {}, "data_definition": null}, "data_definition": {"columns": {"passenger_count": {"column_name": "passenger_count", "column_type": "num"}, "trip_distance": {"column_name": "trip_distance", "column_type": "num"}, "fare_amount": {"column_name": "fare_amount", "column_type": "num"}, "total_amount": {"column_name": "total_amount", "column_type": "num"}, "PULocationID": {"column_name": "PULocationID", "column_type": "cat"}, "DOLocationID": {"column_name": "DOLocationID", "column_type": "cat"}, "lpep_pickup_datetime": {"column_name": "lpep_pickup_datetime", "column_type": "datetime"}, "lpep_dropoff_datetime": {"column_name": "lpep_dropoff_datetime", "column_type": "datetime"}},