{"id": "1bb14f96-fd0b-45dd-b6dd-06e4d6d09970", "name": null, "timestamp": "2024-03-23T00:00:00", "metadata": {}, "tags": [], "suite": {"metrics": [{"type": "evidently.metrics.data_quality.dataset_correlations_metric.DatasetCorrelationsMetric", "options": {"color": null, "render": null, "custom": {}, "data_definition": null}}, {"type": "evidently.metrics.data_quality.column_quantile_metric.ColumnQuantileMetric", "options": {"color": null, "render": null, "custom": {}, "data_definition": null}, "column_name": {"type": "evidently.base_metric.ColumnName", "name": "fare_amount", "display_name": "fare_amount", "dataset": "main"}, "quantile": 0.5}], "metric_results": [{"type": "evidently.metrics.data_quality.dataset_correlations_metric.DatasetCorrelationsMetricResult", "current": {"type": "evidently.metrics.data_quality.dataset_correlations_metric.DatasetCorrelation", "correlation": {"pearson": {"passenger_count": {"passenger_count": 1.0, "trip_distance": 0.024286204716008376, "fare_amount": 0.028815613817543103, "total_amount": 0.019234410910559222}, "trip_distance": {"passenger_count": 0.024286204716008376, "trip_distance": 1.0, "fare_amount": 0.6555347995182652, "total_amount": 0.7130554211242847}, "fare_amount": {"passenger_count": 0.028815613817543103, "trip_distance": 0.6555347995182652, "fare_amount": 1.0, "total_amount": 0.9752161696202344}, "total_amount": {"passenger_count": 0.019234410910559222, "trip_distance": 0.7130554211242847, "fare_amount": 0.9752161696202344, "total_amount": 1.0}}, "spearman": {"passenger_count": {"passenger_count": 1.0, "trip_distance": 0.0025568038034305533, "fare_amount": 0.016053009607272198, "total_amount": 0.01967434961147806}, "trip_distance": {"passenger_count": 0.0025568038034305533, "trip_distance": 1.0, "fare_amount": 0.8431021623503482, "total_amount": 0.8341266396662064}, "fare_amount": {"passenger_count": 0.016053009607272198, "trip_distance": 0.8431021623503482, "fare_amount": 1.0, "total_amount": 0.9613925229318666}, "total_amount": {"passenger_count": 0.01967434961147806, "trip_distance": 0.8341266396662064, "fare_amount": 0.9613925229318666, "total_amount": 1.0}}, "kendall": {"passenger_count": {"passenger_count": 1.0, "trip_distance": 0.0020704229617269287, "fare_amount": 0.013122428930481237, "total_amount": 0.015828843139728977}, "trip_distance": {"passenger_count": 0.0020704229617269287, "trip_distance": 1.0, "fare_amount": 0.7497830796938789, "total_amount": 0.7057757007959945}, "fare_amount": {"passenger_count": 0.013122428930481237, "trip_distance": 0.7497830796938789, "fare_amount": 1.0, "total_amount": 0.8467382378998196}, "total_amount": {"passenger_count": 0.015828843139728977, "trip_distance": 0.7057757007959945, "fare_amount": 0.8467382378998196, "total_amount": 1.0}}, "cramer_v": {"PULocationID": {"PULocationID": 1.0, "DOLocationID": 0.5594063886703431}, "DOLocationID": {"PULocationID": 0.5594063886703431, "DOLocationID": 1.0}}}, "stats": {"pearson": {"type": "evidently.metrics.data_quality.dataset_correlations_metric.CorrelationStats", "target_prediction_correlation": null, "abs_max_target_features_correlation": null, "abs_max_prediction_features_correlation": null, "abs_max_correlation": 0.9752161696202344, "abs_max_features_correlation": 0.9752161696202344}, "spearman": {"type": "evidently.metrics.data_quality.dataset_correlations_metric.CorrelationStats", "target_prediction_correlation": null, "abs_max_target_features_correlation": null, "abs_max_prediction_features_correlation": null, "abs_max_correlation": 0.9613925229318666, "abs_max_features_correlation": 0.9613925229318666}, "kendall": {"type": "evidently.metrics.data_quality.dataset_correlations_metric.CorrelationStats", "target_prediction_correlation": null, "abs_max_target_features_correlation": null, "abs_max_prediction_features_correlation": null, "abs_max_correlation": 0.8467382378998196, "abs_max_features_correlation": 0.8467382378998196}, "cramer_v": {"type": "evidently.metrics.data_quality.dataset_correlations_metric.CorrelationStats", "target_prediction_correlation": null, "abs_max_target_features_correlation": null, "abs_max_prediction_features_correlation": null, "abs_max_correlation": 0.5594063886703431, "abs_max_features_correlation": 0.5594063886703431}}, "correlations_calculate": {"pearson": {"passenger_count": {"passenger_count": 1.0, "trip_distance": 0.024286204716008376, "fare_amount": 0.028815613817543103, "total_amount": 0.019234410910559222}, "trip_distance": {"passenger_count": 0.024286204716008376, "trip_distance": 1.0, "fare_amount": 0.6555347995182652, "total_amount": 0.7130554211242847}, "fare_amount": {"passenger_count": 0.028815613817543103, "trip_distance": 0.6555347995182652, "fare_amount": 1.0, "total_amount": 0.9752161696202344}, "total_amount": {"passenger_count": 0.019234410910559222, "trip_distance": 0.7130554211242847, "fare_amount": 0.9752161696202344, "total_amount": 1.0}}, "spearman": {"passenger_count": {"passenger_count": 1.0, "trip_distance": 0.0025568038034305533, "fare_amount": 0.016053009607272198, "total_amount": 0.01967434961147806}, "trip_distance": {"passenger_count": 0.0025568038034305533, "trip_distance": 1.0, "fare_amount": 0.8431021623503482, "total_amount": 0.8341266396662064}, "fare_amount": {"passenger_count": 0.016053009607272198, "trip_distance": 0.8431021623503482, "fare_amount": 1.0, "total_amount": 0.9613925229318666}, "total_amount": {"passenger_count": 0.01967434961147806, "trip_distance": 0.8341266396662064, "fare_amount": 0.9613925229318666, "total_amount": 1.0}}, "kendall": {"passenger_count": {"passenger_count": 1.0, "trip_distance": 0.0020704229617269287, "fare_amount": 0.013122428930481237, "total_amount": 0.015828843139728977}, "trip_distance": {"passenger_count": 0.0020704229617269287, "trip_distance": 1.0, "fare_amount": 0.7497830796938789, "total_amount": 0.7057757007959945}, "fare_amount": {"passenger_count": 0.013122428930481237, "trip_distance": 0.7497830796938789, "fare_amount": 1.0, "total_amount": 0.8467382378998196}, "total_amount": {"passenger_count": 0.015828843139728977, "trip_distance": 0.7057757007959945, "fare_amount": 0.8467382378998196, "total_amount": 1.0}}, "cramer_v": {"PULocationID": {"PULocationID": 1.0, "DOLocationID": 0.5594063886703431}, "DOLocationID": {"PULocationID": 0.5594063886703431, "DOLocationID": 1.0}}}}, "reference": null, "target_correlation": null}, {"type": "evidently.metrics.data_quality.column_quantile_metric.ColumnQuantileMetricResult", "column_name": "fare_amount", "column_type": "num", "quantile": 0.5, "current": {"type": "evidently.metrics.data_quality.column_quantile_metric.QuantileStats", "value": 12.8, "distribution": {"type": "evidently.metric_results.Distribution", "x": [-14.0, -0.16666666666666607, 13.666666666666668, 27.5, 41.333333333333336, 55.16666666666667, 69.0, 82.83333333333334, 96.66666666666667, 110.5, 124.33333333333334, 138.16666666666669, 152.0, 165.83333333333334, 179.66666666666669, 193.5, 207.33333333333334, 221.16666666666669, 235.0], "y": [5, 711, 413, 99, 39, 11, 6, 1, 1, 1, 0, 1, 0, 0, 0, 0, 0, 1]}}, "reference": null}], "tests": [], "test_results": [], "options": {"color": null, "render": null, "custom": {}, "data_definition": null}, "data_definition": {"columns": {"passenger_count": {"column_name": "passenger_count", "column_type": "num"}, "trip_distance": {"column_name": "trip_distance", "column_type": "num"}, "fare_amount": {"column_name": "fare_amount", "column_type": "num"}, "total_amount": {"column_name": "total_amount", "column_type": "num"}, "PULocationID": {"column_name": "PULocationID", "column_type": "cat"}, "DOLocationID": {"column_name": "DOLocationID", "column_type": "cat"}, "lpep_pickup_datetime": {"column_name": "lpep_pickup_datetime", "column_type": "datetime"}, "lpep_dropoff_datetime": {"column_name": "lpep_dropoff_datetime", "column_type": "datetime"}}, "target": null, "prediction_columns": null, "id_column": null, "datetime_column": null, "embeddings": null,