{"id": "2030f585-78d0-47de-b333-d1e6705d9c39", "name": null, "timestamp": "2024-03-19T00:00:00", "metadata": {}, "tags": [], "suite": {"metrics": [{"type": "evidently.metrics.data_quality.dataset_correlations_metric.DatasetCorrelationsMetric", "options": {"color": null, "render": null, "custom": {}, "data_definition": null}}, {"type": "evidently.metrics.data_quality.column_quantile_metric.ColumnQuantileMetric", "options": {"color": null, "render": null, "custom": {}, "data_definition": null}, "column_name": {"type": "evidently.base_metric.ColumnName", "name": "fare_amount", "display_name": "fare_amount", "dataset": "main"}, "quantile": 0.5}], "metric_results": [{"type": "evidently.metrics.data_quality.dataset_correlations_metric.DatasetCorrelationsMetricResult", "current": {"type": "evidently.metrics.data_quality.dataset_correlations_metric.DatasetCorrelation", "correlation": {"pearson": {"passenger_count": {"passenger_count": 1.0, "trip_distance": 0.015770960966213672, "fare_amount": 0.015299566210458597, "total_amount": 0.016232847922236733}, "trip_distance": {"passenger_count": 0.015770960966213672, "trip_distance": 1.0, "fare_amount": 0.5992448164973794, "total_amount": 0.6568632062766043}, "fare_amount": {"passenger_count": 0.015299566210458597, "trip_distance": 0.5992448164973794, "fare_amount": 1.0, "total_amount": 0.9747896673731558}, "total_amount": {"passenger_count": 0.016232847922236733, "trip_distance": 0.6568632062766043, "fare_amount": 0.9747896673731558, "total_amount": 1.0}}, "spearman": {"passenger_count": {"passenger_count": 1.0, "trip_distance": 0.03741344983740585, "fare_amount": 0.03686744525193436, "total_amount": 0.032526868745745105}, "trip_distance": {"passenger_count": 0.03741344983740585, "trip_distance": 1.0, "fare_amount": 0.7933258849207444, "total_amount": 0.7869652817150373}, "fare_amount": {"passenger_count": 0.03686744525193436, "trip_distance": 0.7933258849207444, "fare_amount": 1.0, "total_amount": 0.9425399638691294}, "total_amount": {"passenger_count": 0.032526868745745105, "trip_distance": 0.7869652817150373, "fare_amount": 0.9425399638691294, "total_amount": 1.0}}, "kendall": {"passenger_count": {"passenger_count": 1.0, "trip_distance": 0.030025976259138304, "fare_amount": 0.03004219285929768, "total_amount": 0.026116112056370426}, "trip_distance": {"passenger_count": 0.030025976259138304, "trip_distance": 1.0, "fare_amount": 0.7130591714823802, "total_amount": 0.6544158186645753}, "fare_amount": {"passenger_count": 0.03004219285929768, "trip_distance": 0.7130591714823802, "fare_amount": 1.0, "total_amount": 0.805193430389936}, "total_amount": {"passenger_count": 0.026116112056370426, "trip_distance": 0.6544158186645753, "fare_amount": 0.805193430389936, "total_amount": 1.0}}, "cramer_v": {"PULocationID": {"PULocationID": 1.0, "DOLocationID": 0.5342582835135913}, "DOLocationID": {"PULocationID": 0.5342582835135913, "DOLocationID": 1.0}}}, "stats": {"pearson": {"type": "evidently.metrics.data_quality.dataset_correlations_metric.CorrelationStats", "target_prediction_correlation": null, "abs_max_target_features_correlation": null, "abs_max_prediction_features_correlation": null, "abs_max_correlation": 0.9747896673731558, "abs_max_features_correlation": 0.9747896673731558}, "spearman": {"type": "evidently.metrics.data_quality.dataset_correlations_metric.CorrelationStats", "target_prediction_correlation": null, "abs_max_target_features_correlation": null, "abs_max_prediction_features_correlation": null, "abs_max_correlation": 0.9425399638691294, "abs_max_features_correlation": 0.9425399638691294}, "kendall": {"type": "evidently.metrics.data_quality.dataset_correlations_metric.CorrelationStats", "target_prediction_correlation": null, "abs_max_target_features_correlation": null, "abs_max_prediction_features_correlation": null, "abs_max_correlation": 0.805193430389936, "abs_max_features_correlation": 0.805193430389936}, "cramer_v": {"type": "evidently.metrics.data_quality.dataset_correlations_metric.CorrelationStats", "target_prediction_correlation": null, "abs_max_target_features_correlation": null, "abs_max_prediction_features_correlation": null, "abs_max_correlation": 0.5342582835135913, "abs_max_features_correlation": 0.5342582835135913}}, "correlations_calculate": {"pearson": {"passenger_count": {"passenger_count": 1.0, "trip_distance": 0.015770960966213672, "fare_amount": 0.015299566210458597, "total_amount": 0.016232847922236733}, "trip_distance": {"passenger_count": 0.015770960966213672, "trip_distance": 1.0, "fare_amount": 0.5992448164973794, "total_amount": 0.6568632062766043}, "fare_amount": {"passenger_count": 0.015299566210458597, "trip_distance": 0.5992448164973794, "fare_amount": 1.0, "total_amount": 0.9747896673731558}, "total_amount": {"passenger_count": 0.016232847922236733, "trip_distance": 0.6568632062766043, "fare_amount": 0.9747896673731558, "total_amount": 1.0}}, "spearman": {"passenger_count": {"passenger_count": 1.0, "trip_distance": 0.03741344983740585, "fare_amount": 0.03686744525193436, "total_amount": 0.032526868745745105}, "trip_distance": {"passenger_count": 0.03741344983740585, "trip_distance": 1.0, "fare_amount": 0.7933258849207444, "total_amount": 0.7869652817150373}, "fare_amount": {"passenger_count": 0.03686744525193436, "trip_distance": 0.7933258849207444, "fare_amount": 1.0, "total_amount": 0.9425399638691294}, "total_amount": {"passenger_count": 0.032526868745745105, "trip_distance": 0.7869652817150373, "fare_amount": 0.9425399638691294, "total_amount": 1.0}}, "kendall": {"passenger_count": {"passenger_count": 1.0, "trip_distance": 0.030025976259138304, "fare_amount": 0.03004219285929768, "total_amount": 0.026116112056370426}, "trip_distance": {"passenger_count": 0.030025976259138304, "trip_distance": 1.0, "fare_amount": 0.7130591714823802, "total_amount": 0.6544158186645753}, "fare_amount": {"passenger_count": 0.03004219285929768, "trip_distance": 0.7130591714823802, "fare_amount": 1.0, "total_amount": 0.805193430389936}, "total_amount": {"passenger_count": 0.026116112056370426, "trip_distance": 0.6544158186645753, "fare_amount": 0.805193430389936, "total_amount": 1.0}}, "cramer_v": {"PULocationID": {"PULocationID": 1.0, "DOLocationID": 0.5342582835135913}, "DOLocationID": {"PULocationID": 0.5342582835135913, "DOLocationID": 1.0}}}}, "reference": null, "target_correlation": null}, {"type": "evidently.metrics.data_quality.column_quantile_metric.ColumnQuantileMetricResult", "column_name": "fare_amount", "column_type": "num", "quantile": 0.5, "current": {"type": "evidently.metrics.data_quality.column_quantile_metric.QuantileStats", "value": 13.5, "distribution": {"type": "evidently.metric_results.Distribution", "x": [-295.08, -258.195, -221.31, -184.42499999999998, -147.54, -110.655, -73.76999999999998, -36.88499999999999, 0.0, 36.88499999999999, 73.76999999999998, 110.65499999999997, 147.54000000000002, 184.425, 221.31, 258.195, 295.08], "y": [1, 0, 0, 0, 0, 0, 1, 2, 1760, 86, 5, 2, 0, 1, 0, 1]}}, "reference": null}], "tests": [], "test_results": [], "options": {"color": null, "render": null, "custom": {}, "data_definition": null}, "data_definition": {"columns": {"passenger_count": {"column_name": "passenger_count", "column_type": "num"}, "trip_distance": {"column_name": "trip_distance", "column_type": "num"}, "fare_amount": {"column_name": "fare_amount", "column_type": "num"}, "total_amount": {"column_name": "total_amount", "column_type": "num"}, "PULocationID": {"column_name": "PULocationID", "column_type": "cat"}, "DOLocationID": {"column_name": "DOLocationID", "column_type": "cat"}, "lpep_pickup_datetime": {"column_name": "lpep_pickup_datetime", "column_type": "datetime"}, "lpep_dropoff_datetime": {"column_name": "lpep_dropoff_datetime", "column_type": "datetime"}}, "target": null, "prediction_columns": null, "id_column": null, "datetime_column": null, "embeddings": null, "user_id": null, "item_id": null, "task": null, "classification_labels": null,