{"id": "2350a51e-4eb5-44c1-9209-cd62eabea10f", "name": null, "timestamp": "2024-03-30T00:00:00", "metadata": {}, "tags": [], "suite": {"metrics": [{"type": "evidently.metrics.data_quality.dataset_correlations_metric.DatasetCorrelationsMetric", "options": {"color": null, "render": null, "custom": {}, "data_definition": null}}, {"type": "evidently.metrics.data_quality.column_quantile_metric.ColumnQuantileMetric", "options": {"color": null, "render": null, "custom": {}, "data_definition": null}, "column_name": {"type": "evidently.base_metric.ColumnName", "name": "fare_amount", "display_name": "fare_amount", "dataset": "main"}, "quantile": 0.5}], "metric_results": [{"type": "evidently.metrics.data_quality.dataset_correlations_metric.DatasetCorrelationsMetricResult", "current": {"type": "evidently.metrics.data_quality.dataset_correlations_metric.DatasetCorrelation", "correlation": {"pearson": {"passenger_count": {"passenger_count": 1.0, "trip_distance": 0.02510278536327561, "fare_amount": 0.01041921581859088, "total_amount": 0.023848674262338596}, "trip_distance": {"passenger_count": 0.02510278536327561, "trip_distance": 1.0, "fare_amount": 0.6489555301266733, "total_amount": 0.6689821846556531}, "fare_amount": {"passenger_count": 0.01041921581859088, "trip_distance": 0.6489555301266733, "fare_amount": 1.0, "total_amount": 0.9760754513833787}, "total_amount": {"passenger_count": 0.023848674262338596, "trip_distance": 0.6689821846556531, "fare_amount": 0.9760754513833787, "total_amount": 1.0}}, "spearman": {"passenger_count": {"passenger_count": 1.0, "trip_distance": 0.032220567330137416, "fare_amount": 0.03260140813216475, "total_amount": 0.04135740012457685}, "trip_distance": {"passenger_count": 0.032220567330137416, "trip_distance": 1.0, "fare_amount": 0.7316787243630232, "total_amount": 0.7282259149027376}, "fare_amount": {"passenger_count": 0.03260140813216475, "trip_distance": 0.7316787243630232, "fare_amount": 1.0, "total_amount": 0.962902772141628}, "total_amount": {"passenger_count": 0.04135740012457685, "trip_distance": 0.7282259149027376, "fare_amount": 0.962902772141628, "total_amount": 1.0}}, "kendall": {"passenger_count": {"passenger_count": 1.0, "trip_distance": 0.0258550882064545, "fare_amount": 0.026409672466911886, "total_amount": 0.03313329155413544}, "trip_distance": {"passenger_count": 0.0258550882064545, "trip_distance": 1.0, "fare_amount": 0.6749343625040081, "total_amount": 0.632446661280809}, "fare_amount": {"passenger_count": 0.026409672466911886, "trip_distance": 0.6749343625040081, "fare_amount": 1.0, "total_amount": 0.8499022980824841}, "total_amount": {"passenger_count": 0.03313329155413544, "trip_distance": 0.632446661280809, "fare_amount": 0.8499022980824841, "total_amount": 1.0}}, "cramer_v": {"PULocationID": {"PULocationID": 1.0, "DOLocationID": 0.532676808334259}, "DOLocationID": {"PULocationID": 0.532676808334259, "DOLocationID": 1.0}}}, "stats": {"pearson": {"type": "evidently.metrics.data_quality.dataset_correlations_metric.CorrelationStats", "target_prediction_correlation": null, "abs_max_target_features_correlation": null, "abs_max_prediction_features_correlation": null, "abs_max_correlation": 0.9760754513833787, "abs_max_features_correlation": 0.9760754513833787}, "spearman": {"type": "evidently.metrics.data_quality.dataset_correlations_metric.CorrelationStats", "target_prediction_correlation": null, "abs_max_target_features_correlation": null, "abs_max_prediction_features_correlation": null, "abs_max_correlation": 0.962902772141628, "abs_max_features_correlation": 0.962902772141628}, "kendall": {"type": "evidently.metrics.data_quality.dataset_correlations_metric.CorrelationStats", "target_prediction_correlation": null, "abs_max_target_features_correlation": null, "abs_max_prediction_features_correlation": null, "abs_max_correlation": 0.8499022980824841, "abs_max_features_correlation": 0.8499022980824841}, "cramer_v": {"type": "evidently.metrics.data_quality.dataset_correlations_metric.CorrelationStats", "target_prediction_correlation": null, "abs_max_target_features_correlation": null, "abs_max_prediction_features_correlation": null, "abs_max_correlation": 0.532676808334259, "abs_max_features_correlation": 0.532676808334259}}, "correlations_calculate": {"pearson": {"passenger_count": {"passenger_count": 1.0, "trip_distance": 0.02510278536327561, "fare_amount": 0.01041921581859088, "total_amount": 0.023848674262338596}, "trip_distance": {"passenger_count": 0.02510278536327561, "trip_distance": 1.0, "fare_amount": 0.6489555301266733, "total_amount": 0.6689821846556531}, "fare_amount": {"passenger_count": 0.01041921581859088, "trip_distance": 0.6489555301266733, "fare_amount": 1.0, "total_amount": 0.9760754513833787}, "total_amount": {"passenger_count": 0.023848674262338596, "trip_distance": 0.6689821846556531, "fare_amount": 0.9760754513833787, "total_amount": 1.0}}, "spearman": {"passenger_count": {"passenger_count": 1.0, "trip_distance": 0.032220567330137416, "fare_amount": 0.03260140813216475, "total_amount": 0.04135740012457685}, "trip_distance": {"passenger_count": 0.032220567330137416, "trip_distance": 1.0, "fare_amount": 0.7316787243630232, "total_amount": 0.7282259149027376}, "fare_amount": {"passenger_count": 0.03260140813216475, "trip_distance": 0.7316787243630232, "fare_amount": 1.0, "total_amount": 0.962902772141628}, "total_amount": {"passenger_count": 0.04135740012457685, "trip_distance": 0.7282259149027376, "fare_amount": 0.962902772141628, "total_amount": 1.0}}, "kendall": {"passenger_count": {"passenger_count": 1.0, "trip_distance": 0.0258550882064545, "fare_amount": 0.026409672466911886, "total_amount": 0.03313329155413544}, "trip_distance": {"passenger_count": 0.0258550882064545, "trip_distance": 1.0, "fare_amount": 0.6749343625040081, "total_amount": 0.632446661280809}, "fare_amount": {"passenger_count": 0.026409672466911886, "trip_distance": 0.6749343625040081, "fare_amount": 1.0, "total_amount": 0.8499022980824841}, "total_amount": {"passenger_count": 0.03313329155413544, "trip_distance": 0.632446661280809, "fare_amount": 0.8499022980824841, "total_amount": 1.0}}, "cramer_v": {"PULocationID": {"PULocationID": 1.0, "DOLocationID": 0.532676808334259}, "DOLocationID": {"PULocationID": 0.532676808334259, "DOLocationID": 1.0}}}}, "reference": null, "target_correlation": null}, {"type": "evidently.metrics.data_quality.column_quantile_metric.ColumnQuantileMetricResult", "column_name": "fare_amount", "column_type": "num", "quantile": 0.5, "current": {"type": "evidently.metrics.data_quality.column_quantile_metric.QuantileStats", "value": 14.0, "distribution": {"type": "evidently.metric_results.Distribution", "x": [-7.9, 0.7611111111111111, 9.422222222222222, 18.083333333333336, 26.744444444444447, 35.40555555555556, 44.06666666666667, 52.72777777777778, 61.38888888888889, 70.05, 78.71111111111111, 87.37222222222222, 96.03333333333333, 104.69444444444444, 113.35555555555555, 122.01666666666668, 130.67777777777778, 139.33888888888887, 148.0], "y": [3, 373, 620, 257, 112, 35, 37, 18, 16, 3, 4, 0, 0, 2, 1, 0, 0, 2]}}, "reference": null}], "tests": [], "test_results": [], "options": {"color": null, "render": null, "custom": {}, "data_definition": null}, "data_definition": {"columns": {"passenger_count": {"column_name": "passenger_count", "column_type": "num"}, "trip_distance": {"column_name": "trip_distance", "column_type": "num"}, "fare_amount": {"column_name": "fare_amount", "column_type": "num"}, "total_amount": {"column_name": "total_amount", "column_type": "num"}, "PULocationID": {"column_name": "PULocationID", "column_type": "cat"}, "DOLocationID": {"column_name": "DOLocationID", "column_type": "cat"}, "lpep_pickup_datetime": {"column_name": "lpep_pickup_datetime", "column_type": "datetime"}, "lpep_dropoff_datetime": {"column_name": "lpep_dropoff_datetime", "column_type": "datetime"}}, "target": null, "prediction_columns": null, "id_column": null, "datetime_column": null, "embeddings": null,