{"id": "253d5ace-e807-4a6c-b973-53d635b7c61e", "name": null, "timestamp": "2024-03-05T00:00:00", "metadata": {}, "tags": [], "suite": {"metrics": [{"type": "evidently.metrics.data_quality.dataset_correlations_metric.DatasetCorrelationsMetric", "options": {"color": null, "render": null, "custom": {}, "data_definition": null}}, {"type": "evidently.metrics.data_quality.column_quantile_metric.ColumnQuantileMetric", "options": {"color": null, "render": null, "custom": {}, "data_definition": null}, "column_name": {"type": "evidently.base_metric.ColumnName", "name": "fare_amount", "display_name": "fare_amount", "dataset": "main"}, "quantile": 0.5}], "metric_results": [{"type": "evidently.metrics.data_quality.dataset_correlations_metric.DatasetCorrelationsMetricResult", "current": {"type": "evidently.metrics.data_quality.dataset_correlations_metric.DatasetCorrelation", "correlation": {"pearson": {"passenger_count": {"passenger_count": 1.0, "trip_distance": -0.0013120407915900053, "fare_amount": -0.02087438871295982, "total_amount": -0.013297943506362533}, "trip_distance": {"passenger_count": -0.0013120407915900053, "trip_distance": 1.0, "fare_amount": 0.8310087867535698, "total_amount": 0.8291613523440363}, "fare_amount": {"passenger_count": -0.02087438871295982, "trip_distance": 0.8310087867535698, "fare_amount": 1.0, "total_amount": 0.9607586132254153}, "total_amount": {"passenger_count": -0.013297943506362533, "trip_distance": 0.8291613523440363, "fare_amount": 0.9607586132254153, "total_amount": 1.0}}, "spearman": {"passenger_count": {"passenger_count": 1.0, "trip_distance": 0.019339026699293604, "fare_amount": -0.01397434441603914, "total_amount": 0.006049445262135907}, "trip_distance": {"passenger_count": 0.019339026699293604, "trip_distance": 1.0, "fare_amount": 0.7666626387370415, "total_amount": 0.7604814399223501}, "fare_amount": {"passenger_count": -0.01397434441603914, "trip_distance": 0.7666626387370415, "fare_amount": 1.0, "total_amount": 0.9351775325826419}, "total_amount": {"passenger_count": 0.006049445262135907, "trip_distance": 0.7604814399223501, "fare_amount": 0.9351775325826419, "total_amount": 1.0}}, "kendall": {"passenger_count": {"passenger_count": 1.0, "trip_distance": 0.015409518591802854, "fare_amount": -0.011321541829045344, "total_amount": 0.004803334776288892}, "trip_distance": {"passenger_count": 0.015409518591802854, "trip_distance": 1.0, "fare_amount": 0.6764839726128222, "total_amount": 0.6261667507014004}, "fare_amount": {"passenger_count": -0.011321541829045344, "trip_distance": 0.6764839726128222, "fare_amount": 1.0, "total_amount": 0.7992495820845411}, "total_amount": {"passenger_count": 0.004803334776288892, "trip_distance": 0.6261667507014004, "fare_amount": 0.7992495820845411, "total_amount": 1.0}}, "cramer_v": {"PULocationID": {"PULocationID": 1.0, "DOLocationID": 0.5608541833625441}, "DOLocationID": {"PULocationID": 0.5608541833625441, "DOLocationID": 1.0}}}, "stats": {"pearson": {"type": "evidently.metrics.data_quality.dataset_correlations_metric.CorrelationStats", "target_prediction_correlation": null, "abs_max_target_features_correlation": null, "abs_max_prediction_features_correlation": null, "abs_max_correlation": 0.9607586132254153, "abs_max_features_correlation": 0.9607586132254153}, "spearman": {"type": "evidently.metrics.data_quality.dataset_correlations_metric.CorrelationStats", "target_prediction_correlation": null, "abs_max_target_features_correlation": null, "abs_max_prediction_features_correlation": null, "abs_max_correlation": 0.9351775325826419, "abs_max_features_correlation": 0.9351775325826419}, "kendall": {"type": "evidently.metrics.data_quality.dataset_correlations_metric.CorrelationStats", "target_prediction_correlation": null, "abs_max_target_features_correlation": null, "abs_max_prediction_features_correlation": null, "abs_max_correlation": 0.7992495820845411, "abs_max_features_correlation": 0.7992495820845411}, "cramer_v": {"type": "evidently.metrics.data_quality.dataset_correlations_metric.CorrelationStats", "target_prediction_correlation": null, "abs_max_target_features_correlation": null, "abs_max_prediction_features_correlation": null, "abs_max_correlation": 0.5608541833625441, "abs_max_features_correlation": 0.5608541833625441}}, "correlations_calculate": {"pearson": {"passenger_count": {"passenger_count": 1.0, "trip_distance": -0.0013120407915900053, "fare_amount": -0.02087438871295982, "total_amount": -0.013297943506362533}, "trip_distance": {"passenger_count": -0.0013120407915900053, "trip_distance": 1.0, "fare_amount": 0.8310087867535698, "total_amount": 0.8291613523440363}, "fare_amount": {"passenger_count": -0.02087438871295982, "trip_distance": 0.8310087867535698, "fare_amount": 1.0, "total_amount": 0.9607586132254153}, "total_amount": {"passenger_count": -0.013297943506362533, "trip_distance": 0.8291613523440363, "fare_amount": 0.9607586132254153, "total_amount": 1.0}}, "spearman": {"passenger_count": {"passenger_count": 1.0, "trip_distance": 0.019339026699293604, "fare_amount": -0.01397434441603914, "total_amount": 0.006049445262135907}, "trip_distance": {"passenger_count": 0.019339026699293604, "trip_distance": 1.0, "fare_amount": 0.7666626387370415, "total_amount": 0.7604814399223501}, "fare_amount": {"passenger_count": -0.01397434441603914, "trip_distance": 0.7666626387370415, "fare_amount": 1.0, "total_amount": 0.9351775325826419}, "total_amount": {"passenger_count": 0.006049445262135907, "trip_distance": 0.7604814399223501, "fare_amount": 0.9351775325826419, "total_amount": 1.0}}, "kendall": {"passenger_count": {"passenger_count": 1.0, "trip_distance": 0.015409518591802854, "fare_amount": -0.011321541829045344, "total_amount": 0.004803334776288892}, "trip_distance": {"passenger_count": 0.015409518591802854, "trip_distance": 1.0, "fare_amount": 0.6764839726128222, "total_amount": 0.6261667507014004}, "fare_amount": {"passenger_count": -0.011321541829045344, "trip_distance": 0.6764839726128222, "fare_amount": 1.0, "total_amount": 0.7992495820845411}, "total_amount": {"passenger_count": 0.004803334776288892, "trip_distance": 0.6261667507014004, "fare_amount": 0.7992495820845411, "total_amount": 1.0}}, "cramer_v": {"PULocationID": {"PULocationID": 1.0, "DOLocationID": 0.5608541833625441}, "DOLocationID": {"PULocationID": 0.5608541833625441, "DOLocationID": 1.0}}}}, "reference": null, "target_correlation": null}, {"type": "evidently.metrics.data_quality.column_quantile_metric.ColumnQuantileMetricResult", "column_name": "fare_amount", "column_type": "num", "quantile": 0.5, "current": {"type": "evidently.metrics.data_quality.column_quantile_metric.QuantileStats", "value": 12.8, "distribution": {"type": "evidently.metric_results.Distribution", "x": [-19.0, -12.294444444444444, -5.588888888888889, 1.1166666666666671, 7.822222222222223, 14.527777777777779, 21.233333333333334, 27.93888888888889, 34.644444444444446, 41.35, 48.05555555555556, 54.76111111111112, 61.46666666666667, 68.17222222222222, 74.87777777777778, 81.58333333333334, 88.28888888888889, 94.99444444444444, 101.7], "y": [1, 0, 4, 235, 844, 409, 160, 92, 49, 31, 10, 11, 5, 9, 5, 0, 0, 2]}}, "reference": null}], "tests": [], "test_results": [], "options": {"color": null, "render": null, "custom": {}, "data_definition": null}, "data_definition": {"columns": {"passenger_count": {"column_name": "passenger_count", "column_type": "num"}, "trip_distance": {"column_name": "trip_distance", "column_type": "num"}, "fare_amount": {"column_name": "fare_amount", "column_type": "num"}, "total_amount": {"column_name": "total_amount", "column_type": "num"}, "PULocationID": {"column_name": "PULocationID", "column_type": "cat"}, "DOLocationID": {"column_name": "DOLocationID", "column_type": "cat"}, "lpep_pickup_datetime": {"column_name": "lpep_pickup_datetime", "column_type": "datetime"}, "lpep_dropoff_datetime": {"column_name": "lpep_dropoff_datetime", "column_type": "datetime"}}, "target": null, "prediction_columns": null,