{"id": "3371efff-d467-48f2-bc4d-d8ec66f8e35a", "name": null, "timestamp": "2024-03-01T00:00:00", "metadata": {}, "tags": [], "suite": {"metrics": [{"type": "evidently.metrics.data_quality.dataset_correlations_metric.DatasetCorrelationsMetric", "options": {"color": null, "render": null, "custom": {}, "data_definition": null}}, {"type": "evidently.metrics.data_quality.column_quantile_metric.ColumnQuantileMetric", "options": {"color": null, "render": null, "custom": {}, "data_definition": null}, "column_name": {"type": "evidently.base_metric.ColumnName", "name": "fare_amount", "display_name": "fare_amount", "dataset": "main"}, "quantile": 0.5}], "metric_results": [{"type": "evidently.metrics.data_quality.dataset_correlations_metric.DatasetCorrelationsMetricResult", "current": {"type": "evidently.metrics.data_quality.dataset_correlations_metric.DatasetCorrelation", "correlation": {"pearson": {"passenger_count": {"passenger_count": 1.0, "trip_distance": 0.029804220547604687, "fare_amount": 0.008222506446014008, "total_amount": 0.017611061615040956}, "trip_distance": {"passenger_count": 0.029804220547604687, "trip_distance": 1.0, "fare_amount": 0.7417318213485103, "total_amount": 0.7682054998871699}, "fare_amount": {"passenger_count": 0.008222506446014008, "trip_distance": 0.7417318213485103, "fare_amount": 1.0, "total_amount": 0.9608007213371689}, "total_amount": {"passenger_count": 0.017611061615040956, "trip_distance": 0.7682054998871699, "fare_amount": 0.9608007213371689, "total_amount": 1.0}}, "spearman": {"passenger_count": {"passenger_count": 1.0, "trip_distance": 0.0351548615438433, "fare_amount": 0.013959338400647886, "total_amount": 0.025686000818125457}, "trip_distance": {"passenger_count": 0.0351548615438433, "trip_distance": 1.0, "fare_amount": 0.799645025142752, "total_amount": 0.7865977963423819}, "fare_amount": {"passenger_count": 0.013959338400647886, "trip_distance": 0.799645025142752, "fare_amount": 1.0, "total_amount": 0.9462016347934336}, "total_amount": {"passenger_count": 0.025686000818125457, "trip_distance": 0.7865977963423819, "fare_amount": 0.9462016347934336, "total_amount": 1.0}}, "kendall": {"passenger_count": {"passenger_count": 1.0, "trip_distance": 0.028092617010586858, "fare_amount": 0.011276777858838651, "total_amount": 0.020443971115988665}, "trip_distance": {"passenger_count": 0.028092617010586858, "trip_distance": 1.0, "fare_amount": 0.7118437988408148, "total_amount": 0.6569351556018358}, "fare_amount": {"passenger_count": 0.011276777858838651, "trip_distance": 0.7118437988408148, "fare_amount": 1.0, "total_amount": 0.812797939169237}, "total_amount": {"passenger_count": 0.020443971115988665, "trip_distance": 0.6569351556018358, "fare_amount": 0.812797939169237, "total_amount": 1.0}}, "cramer_v": {"PULocationID": {"PULocationID": 1.0, "DOLocationID": 0.517512209859938}, "DOLocationID": {"PULocationID": 0.517512209859938, "DOLocationID": 1.0}}}, "stats": {"pearson": {"type": "evidently.metrics.data_quality.dataset_correlations_metric.CorrelationStats", "target_prediction_correlation": null, "abs_max_target_features_correlation": null, "abs_max_prediction_features_correlation": null, "abs_max_correlation": 0.9608007213371689, "abs_max_features_correlation": 0.9608007213371689}, "spearman": {"type": "evidently.metrics.data_quality.dataset_correlations_metric.CorrelationStats", "target_prediction_correlation": null, "abs_max_target_features_correlation": null, "abs_max_prediction_features_correlation": null, "abs_max_correlation": 0.9462016347934336, "abs_max_features_correlation": 0.9462016347934336}, "kendall": {"type": "evidently.metrics.data_quality.dataset_correlations_metric.CorrelationStats", "target_prediction_correlation": null, "abs_max_target_features_correlation": null, "abs_max_prediction_features_correlation": null, "abs_max_correlation": 0.812797939169237, "abs_max_features_correlation": 0.812797939169237}, "cramer_v": {"type": "evidently.metrics.data_quality.dataset_correlations_metric.CorrelationStats", "target_prediction_correlation": null, "abs_max_target_features_correlation": null, "abs_max_prediction_features_correlation": null, "abs_max_correlation": 0.517512209859938, "abs_max_features_correlation": 0.517512209859938}}, "correlations_calculate": {"pearson": {"passenger_count": {"passenger_count": 1.0, "trip_distance": 0.029804220547604687, "fare_amount": 0.008222506446014008, "total_amount": 0.017611061615040956}, "trip_distance": {"passenger_count": 0.029804220547604687, "trip_distance": 1.0, "fare_amount": 0.7417318213485103, "total_amount": 0.7682054998871699}, "fare_amount": {"passenger_count": 0.008222506446014008, "trip_distance": 0.7417318213485103, "fare_amount": 1.0, "total_amount": 0.9608007213371689}, "total_amount": {"passenger_count": 0.017611061615040956, "trip_distance": 0.7682054998871699, "fare_amount": 0.9608007213371689, "total_amount": 1.0}}, "spearman": {"passenger_count": {"passenger_count": 1.0, "trip_distance": 0.0351548615438433, "fare_amount": 0.013959338400647886, "total_amount": 0.025686000818125457}, "trip_distance": {"passenger_count": 0.0351548615438433, "trip_distance": 1.0, "fare_amount": 0.799645025142752, "total_amount": 0.7865977963423819}, "fare_amount": {"passenger_count": 0.013959338400647886, "trip_distance": 0.799645025142752, "fare_amount": 1.0, "total_amount": 0.9462016347934336}, "total_amount": {"passenger_count": 0.025686000818125457, "trip_distance": 0.7865977963423819, "fare_amount": 0.9462016347934336, "total_amount": 1.0}}, "kendall": {"passenger_count": {"passenger_count": 1.0, "trip_distance": 0.028092617010586858, "fare_amount": 0.011276777858838651, "total_amount": 0.020443971115988665}, "trip_distance": {"passenger_count": 0.028092617010586858, "trip_distance": 1.0, "fare_amount": 0.7118437988408148, "total_amount": 0.6569351556018358}, "fare_amount": {"passenger_count": 0.011276777858838651, "trip_distance": 0.7118437988408148, "fare_amount": 1.0, "total_amount": 0.812797939169237}, "total_amount": {"passenger_count": 0.020443971115988665, "trip_distance": 0.6569351556018358, "fare_amount": 0.812797939169237, "total_amount": 1.0}}, "cramer_v": {"PULocationID": {"PULocationID": 1.0, "DOLocationID": 0.517512209859938}, "DOLocationID": {"PULocationID": 0.517512209859938, "DOLocationID": 1.0}}}}, "reference": null, "target_correlation": null}, {"type": "evidently.metrics.data_quality.column_quantile_metric.ColumnQuantileMetricResult", "column_name": "fare_amount", "column_type": "num", "quantile": 0.5, "current": {"type": "evidently.metrics.data_quality.column_quantile_metric.QuantileStats", "value": 13.5, "distribution": {"type": "evidently.metric_results.Distribution", "x": [-15.0, -3.6842105263157894, 7.631578947368421, 18.94736842105263, 30.263157894736842, 41.578947368421055, 52.89473684210526, 64.21052631578948, 75.52631578947368, 86.84210526315789, 98.15789473684211, 109.47368421052632, 120.78947368421052, 132.10526315789474, 143.42105263157896, 154.73684210526315, 166.05263157894737, 177.3684210526316, 188.68421052631578, 200.0], "y": [8, 272, 1197, 329, 133, 36, 10, 5, 2, 0, 0, 0, 1, 0, 0, 0, 0, 0, 1]}}, "reference": null}], "tests": [], "test_results": [], "options": {"color": null, "render": null, "custom": {}, "data_definition": null}, "data_definition": {"columns": {"passenger_count": {"column_name": "passenger_count", "column_type": "num"}, "trip_distance": {"column_name": "trip_distance", "column_type": "num"}, "fare_amount": {"column_name": "fare_amount", "column_type": "num"}, "total_amount": {"column_name": "total_amount", "column_type": "num"}, "PULocationID": {"column_name": "PULocationID", "column_type": "cat"}, "DOLocationID": {"column_name": "DOLocationID", "column_type": "cat"}, "lpep_pickup_datetime": {"column_name": "lpep_pickup_datetime", "column_type": "datetime"}, "lpep_dropoff_datetime": {"column_name": "lpep_dropoff_datetime", "column_type": "datetime"}}, "target": null, "prediction_columns": null,