{"id": "3f14c624-7060-4def-92cd-4d1785f3be03", "name": null, "timestamp": "2024-03-03T00:00:00", "metadata": {}, "tags": [], "suite": {"metrics": [{"type": "evidently.metrics.data_quality.dataset_correlations_metric.DatasetCorrelationsMetric", "options": {"color": null, "render": null, "custom": {}, "data_definition": null}}, {"type": "evidently.metrics.data_quality.column_quantile_metric.ColumnQuantileMetric", "options": {"color": null, "render": null, "custom": {}, "data_definition": null}, "column_name": {"type": "evidently.base_metric.ColumnName", "name": "fare_amount", "display_name": "fare_amount", "dataset": "main"}, "quantile": 0.5}], "metric_results": [{"type": "evidently.metrics.data_quality.dataset_correlations_metric.DatasetCorrelationsMetricResult", "current": {"type": "evidently.metrics.data_quality.dataset_correlations_metric.DatasetCorrelation", "correlation": {"pearson": {"passenger_count": {"passenger_count": 1.0, "trip_distance": 0.04624001394906384, "fare_amount": 0.07568829885796481, "total_amount": 0.06408654536638193}, "trip_distance": {"passenger_count": 0.04624001394906384, "trip_distance": 1.0, "fare_amount": 0.794766466856335, "total_amount": 0.7805603189894095}, "fare_amount": {"passenger_count": 0.07568829885796481, "trip_distance": 0.794766466856335, "fare_amount": 1.0, "total_amount": 0.9360196316570971}, "total_amount": {"passenger_count": 0.06408654536638193, "trip_distance": 0.7805603189894095, "fare_amount": 0.9360196316570971, "total_amount": 1.0}}, "spearman": {"passenger_count": {"passenger_count": 1.0, "trip_distance": 0.07185330022156332, "fare_amount": 0.08039333962747618, "total_amount": 0.08333512735624503}, "trip_distance": {"passenger_count": 0.07185330022156332, "trip_distance": 1.0, "fare_amount": 0.7712654532446414, "total_amount": 0.7706705303845185}, "fare_amount": {"passenger_count": 0.08039333962747618, "trip_distance": 0.7712654532446414, "fare_amount": 1.0, "total_amount": 0.9481238695726574}, "total_amount": {"passenger_count": 0.08333512735624503, "trip_distance": 0.7706705303845185, "fare_amount": 0.9481238695726574, "total_amount": 1.0}}, "kendall": {"passenger_count": {"passenger_count": 1.0, "trip_distance": 0.057464291234072214, "fare_amount": 0.06494206493695806, "total_amount": 0.06671913183135744}, "trip_distance": {"passenger_count": 0.057464291234072214, "trip_distance": 1.0, "fare_amount": 0.6980000319971643, "total_amount": 0.6582295854969756}, "fare_amount": {"passenger_count": 0.06494206493695806, "trip_distance": 0.6980000319971643, "fare_amount": 1.0, "total_amount": 0.8311383450710137}, "total_amount": {"passenger_count": 0.06671913183135744, "trip_distance": 0.6582295854969756, "fare_amount": 0.8311383450710137, "total_amount": 1.0}}, "cramer_v": {"PULocationID": {"PULocationID": 1.0, "DOLocationID": 0.5843089884094118}, "DOLocationID": {"PULocationID": 0.5843089884094118, "DOLocationID": 1.0}}}, "stats": {"pearson": {"type": "evidently.metrics.data_quality.dataset_correlations_metric.CorrelationStats", "target_prediction_correlation": null, "abs_max_target_features_correlation": null, "abs_max_prediction_features_correlation": null, "abs_max_correlation": 0.9360196316570971, "abs_max_features_correlation": 0.9360196316570971}, "spearman": {"type": "evidently.metrics.data_quality.dataset_correlations_metric.CorrelationStats", "target_prediction_correlation": null, "abs_max_target_features_correlation": null, "abs_max_prediction_features_correlation": null, "abs_max_correlation": 0.9481238695726574, "abs_max_features_correlation": 0.9481238695726574}, "kendall": {"type": "evidently.metrics.data_quality.dataset_correlations_metric.CorrelationStats", "target_prediction_correlation": null, "abs_max_target_features_correlation": null, "abs_max_prediction_features_correlation": null, "abs_max_correlation": 0.8311383450710137, "abs_max_features_correlation": 0.8311383450710137}, "cramer_v": {"type": "evidently.metrics.data_quality.dataset_correlations_metric.CorrelationStats", "target_prediction_correlation": null, "abs_max_target_features_correlation": null, "abs_max_prediction_features_correlation": null, "abs_max_correlation": 0.5843089884094118, "abs_max_features_correlation": 0.5843089884094118}}, "correlations_calculate": {"pearson": {"passenger_count": {"passenger_count": 1.0, "trip_distance": 0.04624001394906384, "fare_amount": 0.07568829885796481, "total_amount": 0.06408654536638193}, "trip_distance": {"passenger_count": 0.04624001394906384, "trip_distance": 1.0, "fare_amount": 0.794766466856335, "total_amount": 0.7805603189894095}, "fare_amount": {"passenger_count": 0.07568829885796481, "trip_distance": 0.794766466856335, "fare_amount": 1.0, "total_amount": 0.9360196316570971}, "total_amount": {"passenger_count": 0.06408654536638193, "trip_distance": 0.7805603189894095, "fare_amount": 0.9360196316570971, "total_amount": 1.0}}, "spearman": {"passenger_count": {"passenger_count": 1.0, "trip_distance": 0.07185330022156332, "fare_amount": 0.08039333962747618, "total_amount": 0.08333512735624503}, "trip_distance": {"passenger_count": 0.07185330022156332, "trip_distance": 1.0, "fare_amount": 0.7712654532446414, "total_amount": 0.7706705303845185}, "fare_amount": {"passenger_count": 0.08039333962747618, "trip_distance": 0.7712654532446414, "fare_amount": 1.0, "total_amount": 0.9481238695726574}, "total_amount": {"passenger_count": 0.08333512735624503, "trip_distance": 0.7706705303845185, "fare_amount": 0.9481238695726574, "total_amount": 1.0}}, "kendall": {"passenger_count": {"passenger_count": 1.0, "trip_distance": 0.057464291234072214, "fare_amount": 0.06494206493695806, "total_amount": 0.06671913183135744}, "trip_distance": {"passenger_count": 0.057464291234072214, "trip_distance": 1.0, "fare_amount": 0.6980000319971643, "total_amount": 0.6582295854969756}, "fare_amount": {"passenger_count": 0.06494206493695806, "trip_distance": 0.6980000319971643, "fare_amount": 1.0, "total_amount": 0.8311383450710137}, "total_amount": {"passenger_count": 0.06671913183135744, "trip_distance": 0.6582295854969756, "fare_amount": 0.8311383450710137, "total_amount": 1.0}}, "cramer_v": {"PULocationID": {"PULocationID": 1.0, "DOLocationID": 0.5843089884094118}, "DOLocationID": {"PULocationID": 0.5843089884094118, "DOLocationID": 1.0}}}}, "reference": null, "target_correlation": null}, {"type": "evidently.metrics.data_quality.column_quantile_metric.ColumnQuantileMetricResult", "column_name": "fare_amount", "column_type": "num", "quantile": 0.5, "current": {"type": "evidently.metrics.data_quality.column_quantile_metric.QuantileStats", "value": 14.2, "distribution": {"type": "evidently.metric_results.Distribution", "x": [-15.0, -5.705882352941176, 3.5882352941176485, 12.882352941176471, 22.176470588235297, 31.470588235294123, 40.76470588235294, 50.05882352941177, 59.352941176470594, 68.64705882352942, 77.94117647058825, 87.23529411764707, 96.52941176470588, 105.82352941176471, 115.11764705882354, 124.41176470588238, 133.7058823529412, 143.0], "y": [2, 20, 579, 473, 149, 77, 38, 15, 9, 14, 3, 2, 2, 1, 0, 0, 1]}}, "reference": null}], "tests": [], "test_results": [], "options": {"color": null, "render": null, "custom": {}, "data_definition": null}, "data_definition": {"columns": {"passenger_count": {"column_name": "passenger_count", "column_type": "num"}, "trip_distance": {"column_name": "trip_distance", "column_type": "num"}, "fare_amount": {"column_name": "fare_amount", "column_type": "num"}, "total_amount": {"column_name": "total_amount", "column_type": "num"}, "PULocationID": {"column_name": "PULocationID", "column_type": "cat"}, "DOLocationID": {"column_name": "DOLocationID", "column_type": "cat"}, "lpep_pickup_datetime": {"column_name": "lpep_pickup_datetime", "column_type": "datetime"}, "lpep_dropoff_datetime": {"column_name": "lpep_dropoff_datetime", "column_type": "datetime"}}, "target": null, "prediction_columns": null, "id_column": null, "datetime_column": null, "embeddings": null,