{"id": "6496ae1d-c7d3-4748-8bf1-9ba8c9cdea33", "name": null, "timestamp": "2024-03-14T00:00:00", "metadata": {}, "tags": [], "suite": {"metrics": [{"type": "evidently.metrics.data_quality.dataset_correlations_metric.DatasetCorrelationsMetric", "options": {"color": null, "render": null, "custom": {}, "data_definition": null}}, {"type": "evidently.metrics.data_quality.column_quantile_metric.ColumnQuantileMetric", "options": {"color": null, "render": null, "custom": {}, "data_definition": null}, "column_name": {"type": "evidently.base_metric.ColumnName", "name": "fare_amount", "display_name": "fare_amount", "dataset": "main"}, "quantile": 0.5}], "metric_results": [{"type": "evidently.metrics.data_quality.dataset_correlations_metric.DatasetCorrelationsMetricResult", "current": {"type": "evidently.metrics.data_quality.dataset_correlations_metric.DatasetCorrelation", "correlation": {"pearson": {"passenger_count": {"passenger_count": 1.0, "trip_distance": -0.004566081378292354, "fare_amount": -0.020653941235697214, "total_amount": -0.023369142820480228}, "trip_distance": {"passenger_count": -0.004566081378292354, "trip_distance": 1.0, "fare_amount": 0.7835992285211018, "total_amount": 0.7916575755770302}, "fare_amount": {"passenger_count": -0.020653941235697214, "trip_distance": 0.7835992285211018, "fare_amount": 1.0, "total_amount": 0.9629659222339813}, "total_amount": {"passenger_count": -0.023369142820480228, "trip_distance": 0.7916575755770302, "fare_amount": 0.9629659222339813, "total_amount": 1.0}}, "spearman": {"passenger_count": {"passenger_count": 1.0, "trip_distance": -0.0004974544770359896, "fare_amount": -0.02231484074479515, "total_amount": -0.026671505631059203}, "trip_distance": {"passenger_count": -0.0004974544770359896, "trip_distance": 1.0, "fare_amount": 0.8211731965513122, "total_amount": 0.8131906863365691}, "fare_amount": {"passenger_count": -0.02231484074479515, "trip_distance": 0.8211731965513122, "fare_amount": 1.0, "total_amount": 0.9415957097138118}, "total_amount": {"passenger_count": -0.026671505631059203, "trip_distance": 0.8131906863365691, "fare_amount": 0.9415957097138118, "total_amount": 1.0}}, "kendall": {"passenger_count": {"passenger_count": 1.0, "trip_distance": -0.0003991511469474756, "fare_amount": -0.018182864494880383, "total_amount": -0.02143086538854765}, "trip_distance": {"passenger_count": -0.0003991511469474756, "trip_distance": 1.0, "fare_amount": 0.7210432066429273, "total_amount": 0.6686999862919252}, "fare_amount": {"passenger_count": -0.018182864494880383, "trip_distance": 0.7210432066429273, "fare_amount": 1.0, "total_amount": 0.8060659690502392}, "total_amount": {"passenger_count": -0.02143086538854765, "trip_distance": 0.6686999862919252, "fare_amount": 0.8060659690502392, "total_amount": 1.0}}, "cramer_v": {"PULocationID": {"PULocationID": 1.0, "DOLocationID": 0.5105100267789405}, "DOLocationID": {"PULocationID": 0.5105100267789405, "DOLocationID": 1.0}}}, "stats": {"pearson": {"type": "evidently.metrics.data_quality.dataset_correlations_metric.CorrelationStats", "target_prediction_correlation": null, "abs_max_target_features_correlation": null, "abs_max_prediction_features_correlation": null, "abs_max_correlation": 0.9629659222339813, "abs_max_features_correlation": 0.9629659222339813}, "spearman": {"type": "evidently.metrics.data_quality.dataset_correlations_metric.CorrelationStats", "target_prediction_correlation": null, "abs_max_target_features_correlation": null, "abs_max_prediction_features_correlation": null, "abs_max_correlation": 0.9415957097138118, "abs_max_features_correlation": 0.9415957097138118}, "kendall": {"type": "evidently.metrics.data_quality.dataset_correlations_metric.CorrelationStats", "target_prediction_correlation": null, "abs_max_target_features_correlation": null, "abs_max_prediction_features_correlation": null, "abs_max_correlation": 0.8060659690502392, "abs_max_features_correlation": 0.8060659690502392}, "cramer_v": {"type": "evidently.metrics.data_quality.dataset_correlations_metric.CorrelationStats", "target_prediction_correlation": null, "abs_max_target_features_correlation": null, "abs_max_prediction_features_correlation": null, "abs_max_correlation": 0.5105100267789405, "abs_max_features_correlation": 0.5105100267789405}}, "correlations_calculate": {"pearson": {"passenger_count": {"passenger_count": 1.0, "trip_distance": -0.004566081378292354, "fare_amount": -0.020653941235697214, "total_amount": -0.023369142820480228}, "trip_distance": {"passenger_count": -0.004566081378292354, "trip_distance": 1.0, "fare_amount": 0.7835992285211018, "total_amount": 0.7916575755770302}, "fare_amount": {"passenger_count": -0.020653941235697214, "trip_distance": 0.7835992285211018, "fare_amount": 1.0, "total_amount": 0.9629659222339813}, "total_amount": {"passenger_count": -0.023369142820480228, "trip_distance": 0.7916575755770302, "fare_amount": 0.9629659222339813, "total_amount": 1.0}}, "spearman": {"passenger_count": {"passenger_count": 1.0, "trip_distance": -0.0004974544770359896, "fare_amount": -0.02231484074479515, "total_amount": -0.026671505631059203}, "trip_distance": {"passenger_count": -0.0004974544770359896, "trip_distance": 1.0, "fare_amount": 0.8211731965513122, "total_amount": 0.8131906863365691}, "fare_amount": {"passenger_count": -0.02231484074479515, "trip_distance": 0.8211731965513122, "fare_amount": 1.0, "total_amount": 0.9415957097138118}, "total_amount": {"passenger_count": -0.026671505631059203, "trip_distance": 0.8131906863365691, "fare_amount": 0.9415957097138118, "total_amount": 1.0}}, "kendall": {"passenger_count": {"passenger_count": 1.0, "trip_distance": -0.0003991511469474756, "fare_amount": -0.018182864494880383, "total_amount": -0.02143086538854765}, "trip_distance": {"passenger_count": -0.0003991511469474756, "trip_distance": 1.0, "fare_amount": 0.7210432066429273, "total_amount": 0.6686999862919252}, "fare_amount": {"passenger_count": -0.018182864494880383, "trip_distance": 0.7210432066429273, "fare_amount": 1.0, "total_amount": 0.8060659690502392}, "total_amount": {"passenger_count": -0.02143086538854765, "trip_distance": 0.6686999862919252, "fare_amount": 0.8060659690502392, "total_amount": 1.0}}, "cramer_v": {"PULocationID": {"PULocationID": 1.0, "DOLocationID": 0.5105100267789405}, "DOLocationID": {"PULocationID": 0.5105100267789405, "DOLocationID": 1.0}}}}, "reference": null, "target_correlation": null}, {"type": "evidently.metrics.data_quality.column_quantile_metric.ColumnQuantileMetricResult", "column_name": "fare_amount", "column_type": "num", "quantile": 0.5, "current": {"type": "evidently.metrics.data_quality.column_quantile_metric.QuantileStats", "value": 14.2, "distribution": {"type": "evidently.metric_results.Distribution", "x": [-20.0, -8.421052631578947, 3.157894736842106, 14.736842105263158, 26.315789473684212, 37.89473684210527, 49.473684210526315, 61.05263157894737, 72.63157894736842, 84.21052631578948, 95.78947368421053, 107.36842105263159, 118.94736842105263, 130.5263157894737, 142.10526315789474, 153.6842105263158, 165.26315789473685, 176.8421052631579, 188.42105263157896, 200.0], "y": [2, 18, 1029, 656, 161, 65, 27, 11, 2, 0, 0, 1, 1, 0, 0, 0, 0, 0, 1]}}, "reference": null}], "tests": [], "test_results": [], "options": {"color": null, "render": null, "custom": {}, "data_definition": null}, "data_definition": {"columns": {"passenger_count": {"column_name": "passenger_count", "column_type": "num"}, "trip_distance": {"column_name": "trip_distance", "column_type": "num"}, "fare_amount": {"column_name": "fare_amount", "column_type": "num"}, "total_amount": {"column_name": "total_amount", "column_type": "num"}, "PULocationID": {"column_name": "PULocationID", "column_type": "cat"}, "DOLocationID": {"column_name": "DOLocationID", "column_type": "cat"}, "lpep_pickup_datetime": {"column_name": "lpep_pickup_datetime", "column_type": "datetime"}, "lpep_dropoff_datetime": {"column_name": "lpep_dropoff_datetime", "column_type": "datetime"}},