{"id": "65daf9aa-46b5-40c8-be9c-450da66e551d", "name": null, "timestamp": "2024-03-13T00:00:00", "metadata": {}, "tags": [], "suite": {"metrics": [{"type": "evidently.metrics.data_quality.dataset_correlations_metric.DatasetCorrelationsMetric", "options": {"color": null, "render": null, "custom": {}, "data_definition": null}}, {"type": "evidently.metrics.data_quality.column_quantile_metric.ColumnQuantileMetric", "options": {"color": null, "render": null, "custom": {}, "data_definition": null}, "column_name": {"type": "evidently.base_metric.ColumnName", "name": "fare_amount", "display_name": "fare_amount", "dataset": "main"}, "quantile": 0.5}], "metric_results": [{"type": "evidently.metrics.data_quality.dataset_correlations_metric.DatasetCorrelationsMetricResult", "current": {"type": "evidently.metrics.data_quality.dataset_correlations_metric.DatasetCorrelation", "correlation": {"pearson": {"passenger_count": {"passenger_count": 1.0, "trip_distance": -0.03135758859763432, "fare_amount": -0.043181562677564324, "total_amount": -0.041853951274417905}, "trip_distance": {"passenger_count": -0.03135758859763432, "trip_distance": 1.0, "fare_amount": 0.7424338368402374, "total_amount": 0.7686816077223139}, "fare_amount": {"passenger_count": -0.043181562677564324, "trip_distance": 0.7424338368402374, "fare_amount": 1.0, "total_amount": 0.9633759384898403}, "total_amount": {"passenger_count": -0.041853951274417905, "trip_distance": 0.7686816077223139, "fare_amount": 0.9633759384898403, "total_amount": 1.0}}, "spearman": {"passenger_count": {"passenger_count": 1.0, "trip_distance": -0.010002982516012074, "fare_amount": -0.018061625234300185, "total_amount": -0.023114887346567317}, "trip_distance": {"passenger_count": -0.010002982516012074, "trip_distance": 1.0, "fare_amount": 0.7800080311475571, "total_amount": 0.769453307468144}, "fare_amount": {"passenger_count": -0.018061625234300185, "trip_distance": 0.7800080311475571, "fare_amount": 1.0, "total_amount": 0.9434486746024542}, "total_amount": {"passenger_count": -0.023114887346567317, "trip_distance": 0.769453307468144, "fare_amount": 0.9434486746024542, "total_amount": 1.0}}, "kendall": {"passenger_count": {"passenger_count": 1.0, "trip_distance": -0.008013810395087542, "fare_amount": -0.014840228005268238, "total_amount": -0.018662285990463753}, "trip_distance": {"passenger_count": -0.008013810395087542, "trip_distance": 1.0, "fare_amount": 0.6948512584500892, "total_amount": 0.6391071106251245}, "fare_amount": {"passenger_count": -0.014840228005268238, "trip_distance": 0.6948512584500892, "fare_amount": 1.0, "total_amount": 0.8085570025108246}, "total_amount": {"passenger_count": -0.018662285990463753, "trip_distance": 0.6391071106251245, "fare_amount": 0.8085570025108246, "total_amount": 1.0}}, "cramer_v": {"PULocationID": {"PULocationID": 1.0, "DOLocationID": 0.5521656474892821}, "DOLocationID": {"PULocationID": 0.5521656474892821, "DOLocationID": 1.0}}}, "stats": {"pearson": {"type": "evidently.metrics.data_quality.dataset_correlations_metric.CorrelationStats", "target_prediction_correlation": null, "abs_max_target_features_correlation": null, "abs_max_prediction_features_correlation": null, "abs_max_correlation": 0.9633759384898403, "abs_max_features_correlation": 0.9633759384898403}, "spearman": {"type": "evidently.metrics.data_quality.dataset_correlations_metric.CorrelationStats", "target_prediction_correlation": null, "abs_max_target_features_correlation": null, "abs_max_prediction_features_correlation": null, "abs_max_correlation": 0.9434486746024542, "abs_max_features_correlation": 0.9434486746024542}, "kendall": {"type": "evidently.metrics.data_quality.dataset_correlations_metric.CorrelationStats", "target_prediction_correlation": null, "abs_max_target_features_correlation": null, "abs_max_prediction_features_correlation": null, "abs_max_correlation": 0.8085570025108246, "abs_max_features_correlation": 0.8085570025108246}, "cramer_v": {"type": "evidently.metrics.data_quality.dataset_correlations_metric.CorrelationStats", "target_prediction_correlation": null, "abs_max_target_features_correlation": null, "abs_max_prediction_features_correlation": null, "abs_max_correlation": 0.5521656474892821, "abs_max_features_correlation": 0.5521656474892821}}, "correlations_calculate": {"pearson": {"passenger_count": {"passenger_count": 1.0, "trip_distance": -0.03135758859763432, "fare_amount": -0.043181562677564324, "total_amount": -0.041853951274417905}, "trip_distance": {"passenger_count": -0.03135758859763432, "trip_distance": 1.0, "fare_amount": 0.7424338368402374, "total_amount": 0.7686816077223139}, "fare_amount": {"passenger_count": -0.043181562677564324, "trip_distance": 0.7424338368402374, "fare_amount": 1.0, "total_amount": 0.9633759384898403}, "total_amount": {"passenger_count": -0.041853951274417905, "trip_distance": 0.7686816077223139, "fare_amount": 0.9633759384898403, "total_amount": 1.0}}, "spearman": {"passenger_count": {"passenger_count": 1.0, "trip_distance": -0.010002982516012074, "fare_amount": -0.018061625234300185, "total_amount": -0.023114887346567317}, "trip_distance": {"passenger_count": -0.010002982516012074, "trip_distance": 1.0, "fare_amount": 0.7800080311475571, "total_amount": 0.769453307468144}, "fare_amount": {"passenger_count": -0.018061625234300185, "trip_distance": 0.7800080311475571, "fare_amount": 1.0, "total_amount": 0.9434486746024542}, "total_amount": {"passenger_count": -0.023114887346567317, "trip_distance": 0.769453307468144, "fare_amount": 0.9434486746024542, "total_amount": 1.0}}, "kendall": {"passenger_count": {"passenger_count": 1.0, "trip_distance": -0.008013810395087542, "fare_amount": -0.014840228005268238, "total_amount": -0.018662285990463753}, "trip_distance": {"passenger_count": -0.008013810395087542, "trip_distance": 1.0, "fare_amount": 0.6948512584500892, "total_amount": 0.6391071106251245}, "fare_amount": {"passenger_count": -0.014840228005268238, "trip_distance": 0.6948512584500892, "fare_amount": 1.0, "total_amount": 0.8085570025108246}, "total_amount": {"passenger_count": -0.018662285990463753, "trip_distance": 0.6391071106251245, "fare_amount": 0.8085570025108246, "total_amount": 1.0}}, "cramer_v": {"PULocationID": {"PULocationID": 1.0, "DOLocationID": 0.5521656474892821}, "DOLocationID": {"PULocationID": 0.5521656474892821, "DOLocationID": 1.0}}}}, "reference": null, "target_correlation": null}, {"type": "evidently.metrics.data_quality.column_quantile_metric.ColumnQuantileMetricResult", "column_name": "fare_amount", "column_type": "num", "quantile": 0.5, "current": {"type": "evidently.metrics.data_quality.column_quantile_metric.QuantileStats", "value": 13.5, "distribution": {"type": "evidently.metric_results.Distribution", "x": [-70.0, -55.0, -40.0, -25.0, -10.0, 5.0, 20.0, 35.0, 50.0, 65.0, 80.0, 95.0, 110.0, 125.0, 140.0, 155.0, 170.0, 185.0, 200.0], "y": [1, 0, 0, 2, 51, 1453, 321, 104, 16, 10, 1, 1, 0, 0, 0, 0, 0, 1]}}, "reference": null}], "tests": [], "test_results": [], "options": {"color": null, "render": null, "custom": {}, "data_definition": null}, "data_definition": {"columns": {"passenger_count": {"column_name": "passenger_count", "column_type": "num"}, "trip_distance": {"column_name": "trip_distance", "column_type": "num"}, "fare_amount": {"column_name": "fare_amount", "column_type": "num"}, "total_amount": {"column_name": "total_amount", "column_type": "num"}, "PULocationID": {"column_name": "PULocationID", "column_type": "cat"}, "DOLocationID": {"column_name": "DOLocationID", "column_type": "cat"}, "lpep_pickup_datetime": {"column_name": "lpep_pickup_datetime", "column_type": "datetime"}, "lpep_dropoff_datetime": {"column_name": "lpep_dropoff_datetime", "column_type": "datetime"}}, "target": null, "prediction_columns": null, "id_column": null, "datetime_column": null, "embeddings": null, "user_id": null, "item_id": null, "task": null, "classification_labels": null, "reference_present": false, "recommendations_type": "score"}},