{"id": "66957872-9455-475a-93d3-73a768e9563a", "name": null, "timestamp": "2024-03-15T00:00:00", "metadata": {}, "tags": [], "suite": {"metrics": [{"type": "evidently.metrics.data_quality.dataset_correlations_metric.DatasetCorrelationsMetric", "options": {"color": null, "render": null, "custom": {}, "data_definition": null}}, {"type": "evidently.metrics.data_quality.column_quantile_metric.ColumnQuantileMetric", "options": {"color": null, "render": null, "custom": {}, "data_definition": null}, "column_name": {"type": "evidently.base_metric.ColumnName", "name": "fare_amount", "display_name": "fare_amount", "dataset": "main"}, "quantile": 0.5}], "metric_results": [{"type": "evidently.metrics.data_quality.dataset_correlations_metric.DatasetCorrelationsMetricResult", "current": {"type": "evidently.metrics.data_quality.dataset_correlations_metric.DatasetCorrelation", "correlation": {"pearson": {"passenger_count": {"passenger_count": 1.0, "trip_distance": -0.004982484908862683, "fare_amount": -0.012356913758457959, "total_amount": -0.007908241738836365}, "trip_distance": {"passenger_count": -0.004982484908862683, "trip_distance": 1.0, "fare_amount": 0.6488570196069775, "total_amount": 0.6944952525578085}, "fare_amount": {"passenger_count": -0.012356913758457959, "trip_distance": 0.6488570196069775, "fare_amount": 1.0, "total_amount": 0.9642363171369716}, "total_amount": {"passenger_count": -0.007908241738836365, "trip_distance": 0.6944952525578085, "fare_amount": 0.9642363171369716, "total_amount": 1.0}}, "spearman": {"passenger_count": {"passenger_count": 1.0, "trip_distance": 0.026639839982443063, "fare_amount": -0.0021762123042457938, "total_amount": 0.007601174747323618}, "trip_distance": {"passenger_count": 0.026639839982443063, "trip_distance": 1.0, "fare_amount": 0.7868865836648524, "total_amount": 0.770947518246625}, "fare_amount": {"passenger_count": -0.0021762123042457938, "trip_distance": 0.7868865836648524, "fare_amount": 1.0, "total_amount": 0.9415748568126215}, "total_amount": {"passenger_count": 0.007601174747323618, "trip_distance": 0.770947518246625, "fare_amount": 0.9415748568126215, "total_amount": 1.0}}, "kendall": {"passenger_count": {"passenger_count": 1.0, "trip_distance": 0.021103956626363076, "fare_amount": -0.0017482721922164356, "total_amount": 0.006142759078113798}, "trip_distance": {"passenger_count": 0.021103956626363076, "trip_distance": 1.0, "fare_amount": 0.7050521986502262, "total_amount": 0.6399663387956711}, "fare_amount": {"passenger_count": -0.0017482721922164356, "trip_distance": 0.7050521986502262, "fare_amount": 1.0, "total_amount": 0.8063868832779428}, "total_amount": {"passenger_count": 0.006142759078113798, "trip_distance": 0.6399663387956711, "fare_amount": 0.8063868832779428, "total_amount": 1.0}}, "cramer_v": {"PULocationID": {"PULocationID": 1.0, "DOLocationID": 0.5326288369696578}, "DOLocationID": {"PULocationID": 0.5326288369696578, "DOLocationID": 1.0}}}, "stats": {"pearson": {"type": "evidently.metrics.data_quality.dataset_correlations_metric.CorrelationStats", "target_prediction_correlation": null, "abs_max_target_features_correlation": null, "abs_max_prediction_features_correlation": null, "abs_max_correlation": 0.9642363171369716, "abs_max_features_correlation": 0.9642363171369716}, "spearman": {"type": "evidently.metrics.data_quality.dataset_correlations_metric.CorrelationStats", "target_prediction_correlation": null, "abs_max_target_features_correlation": null, "abs_max_prediction_features_correlation": null, "abs_max_correlation": 0.9415748568126215, "abs_max_features_correlation": 0.9415748568126215}, "kendall": {"type": "evidently.metrics.data_quality.dataset_correlations_metric.CorrelationStats", "target_prediction_correlation": null, "abs_max_target_features_correlation": null, "abs_max_prediction_features_correlation": null, "abs_max_correlation": 0.8063868832779428, "abs_max_features_correlation": 0.8063868832779428}, "cramer_v": {"type": "evidently.metrics.data_quality.dataset_correlations_metric.CorrelationStats", "target_prediction_correlation": null, "abs_max_target_features_correlation": null, "abs_max_prediction_features_correlation": null, "abs_max_correlation": 0.5326288369696578, "abs_max_features_correlation": 0.5326288369696578}}, "correlations_calculate": {"pearson": {"passenger_count": {"passenger_count": 1.0, "trip_distance": -0.004982484908862683, "fare_amount": -0.012356913758457959, "total_amount": -0.007908241738836365}, "trip_distance": {"passenger_count": -0.004982484908862683, "trip_distance": 1.0, "fare_amount": 0.6488570196069775, "total_amount": 0.6944952525578085}, "fare_amount": {"passenger_count": -0.012356913758457959, "trip_distance": 0.6488570196069775, "fare_amount": 1.0, "total_amount": 0.9642363171369716}, "total_amount": {"passenger_count": -0.007908241738836365, "trip_distance": 0.6944952525578085, "fare_amount": 0.9642363171369716, "total_amount": 1.0}}, "spearman": {"passenger_count": {"passenger_count": 1.0, "trip_distance": 0.026639839982443063, "fare_amount": -0.0021762123042457938, "total_amount": 0.007601174747323618}, "trip_distance": {"passenger_count": 0.026639839982443063, "trip_distance": 1.0, "fare_amount": 0.7868865836648524, "total_amount": 0.770947518246625}, "fare_amount": {"passenger_count": -0.0021762123042457938, "trip_distance": 0.7868865836648524, "fare_amount": 1.0, "total_amount": 0.9415748568126215}, "total_amount": {"passenger_count": 0.007601174747323618, "trip_distance": 0.770947518246625, "fare_amount": 0.9415748568126215, "total_amount": 1.0}}, "kendall": {"passenger_count": {"passenger_count": 1.0, "trip_distance": 0.021103956626363076, "fare_amount": -0.0017482721922164356, "total_amount": 0.006142759078113798}, "trip_distance": {"passenger_count": 0.021103956626363076, "trip_distance": 1.0, "fare_amount": 0.7050521986502262, "total_amount": 0.6399663387956711}, "fare_amount": {"passenger_count": -0.0017482721922164356, "trip_distance": 0.7050521986502262, "fare_amount": 1.0, "total_amount": 0.8063868832779428}, "total_amount": {"passenger_count": 0.006142759078113798, "trip_distance": 0.6399663387956711, "fare_amount": 0.8063868832779428, "total_amount": 1.0}}, "cramer_v": {"PULocationID": {"PULocationID": 1.0, "DOLocationID": 0.5326288369696578}, "DOLocationID": {"PULocationID": 0.5326288369696578, "DOLocationID": 1.0}}}}, "reference": null, "target_correlation": null}, {"type": "evidently.metrics.data_quality.column_quantile_metric.ColumnQuantileMetricResult", "column_name": "fare_amount", "column_type": "num", "quantile": 0.5, "current": {"type": "evidently.metrics.data_quality.column_quantile_metric.QuantileStats", "value": 13.5, "distribution": {"type": "evidently.metric_results.Distribution", "x": [-80.0, -62.89473684210526, -45.78947368421053, -28.684210526315795, -11.578947368421055, 5.526315789473685, 22.63157894736841, 39.73684210526315, 56.84210526315789, 73.94736842105263, 91.05263157894737, 108.15789473684211, 125.26315789473682, 142.36842105263156, 159.4736842105263, 176.57894736842104, 193.68421052631578, 210.78947368421052, 227.89473684210526, 245.0], "y": [1, 0, 0, 0, 69, 1494, 270, 51, 14, 4, 0, 1, 0, 0, 0, 0, 1, 0, 1]}}, "reference": null}], "tests": [], "test_results": [], "options": {"color": null, "render": null, "custom": {}, "data_definition": null}, "data_definition": {"columns": {"passenger_count": {"column_name": "passenger_count", "column_type": "num"}, "trip_distance": {"column_name": "trip_distance", "column_type": "num"}, "fare_amount": {"column_name": "fare_amount", "column_type": "num"}, "total_amount": {"column_name": "total_amount", "column_type": "num"}, "PULocationID": {"column_name": "PULocationID", "column_type": "cat"}, "DOLocationID": {"column_name": "DOLocationID", "column_type": "cat"}, "lpep_pickup_datetime": {"column_name": "lpep_pickup_datetime", "column_type": "datetime"}, "lpep_dropoff_datetime": {"column_name": "lpep_dropoff_datetime", "column_type": "datetime"}},