{"id": "75bafd03-2a83-4eb2-8853-0488e300ba2c", "name": null, "timestamp": "2024-03-04T00:00:00", "metadata": {}, "tags": [], "suite": {"metrics": [{"type": "evidently.metrics.data_quality.dataset_correlations_metric.DatasetCorrelationsMetric", "options": {"color": null, "render": null, "custom": {}, "data_definition": null}}, {"type": "evidently.metrics.data_quality.column_quantile_metric.ColumnQuantileMetric", "options": {"color": null, "render": null, "custom": {}, "data_definition": null}, "column_name": {"type": "evidently.base_metric.ColumnName", "name": "fare_amount", "display_name": "fare_amount", "dataset": "main"}, "quantile": 0.5}], "metric_results": [{"type": "evidently.metrics.data_quality.dataset_correlations_metric.DatasetCorrelationsMetricResult", "current": {"type": "evidently.metrics.data_quality.dataset_correlations_metric.DatasetCorrelation", "correlation": {"pearson": {"passenger_count": {"passenger_count": 1.0, "trip_distance": 0.0003192484907610202, "fare_amount": -0.011999280836258343, "total_amount": 0.0016089148028194786}, "trip_distance": {"passenger_count": 0.0003192484907610202, "trip_distance": 1.0, "fare_amount": 0.8126925509617426, "total_amount": 0.8311137617680068}, "fare_amount": {"passenger_count": -0.011999280836258343, "trip_distance": 0.8126925509617426, "fare_amount": 1.0, "total_amount": 0.9544460927682278}, "total_amount": {"passenger_count": 0.0016089148028194786, "trip_distance": 0.8311137617680068, "fare_amount": 0.9544460927682278, "total_amount": 1.0}}, "spearman": {"passenger_count": {"passenger_count": 1.0, "trip_distance": 0.022936447841016845, "fare_amount": 0.008707563430311089, "total_amount": 0.025386417852848467}, "trip_distance": {"passenger_count": 0.022936447841016845, "trip_distance": 1.0, "fare_amount": 0.7874099902218882, "total_amount": 0.7836626822429025}, "fare_amount": {"passenger_count": 0.008707563430311089, "trip_distance": 0.7874099902218882, "fare_amount": 1.0, "total_amount": 0.9332187923384611}, "total_amount": {"passenger_count": 0.025386417852848467, "trip_distance": 0.7836626822429025, "fare_amount": 0.9332187923384611, "total_amount": 1.0}}, "kendall": {"passenger_count": {"passenger_count": 1.0, "trip_distance": 0.01839260799285976, "fare_amount": 0.007198448515229415, "total_amount": 0.02032190475099432}, "trip_distance": {"passenger_count": 0.01839260799285976, "trip_distance": 1.0, "fare_amount": 0.7040264692994858, "total_amount": 0.6447592508021742}, "fare_amount": {"passenger_count": 0.007198448515229415, "trip_distance": 0.7040264692994858, "fare_amount": 1.0, "total_amount": 0.7922013982425192}, "total_amount": {"passenger_count": 0.02032190475099432, "trip_distance": 0.6447592508021742, "fare_amount": 0.7922013982425192, "total_amount": 1.0}}, "cramer_v": {"PULocationID": {"PULocationID": 1.0, "DOLocationID": 0.5461211497820577}, "DOLocationID": {"PULocationID": 0.5461211497820577, "DOLocationID": 1.0}}}, "stats": {"pearson": {"type": "evidently.metrics.data_quality.dataset_correlations_metric.CorrelationStats", "target_prediction_correlation": null, "abs_max_target_features_correlation": null, "abs_max_prediction_features_correlation": null, "abs_max_correlation": 0.9544460927682278, "abs_max_features_correlation": 0.9544460927682278}, "spearman": {"type": "evidently.metrics.data_quality.dataset_correlations_metric.CorrelationStats", "target_prediction_correlation": null, "abs_max_target_features_correlation": null, "abs_max_prediction_features_correlation": null, "abs_max_correlation": 0.9332187923384611, "abs_max_features_correlation": 0.9332187923384611}, "kendall": {"type": "evidently.metrics.data_quality.dataset_correlations_metric.CorrelationStats", "target_prediction_correlation": null, "abs_max_target_features_correlation": null, "abs_max_prediction_features_correlation": null, "abs_max_correlation": 0.7922013982425192, "abs_max_features_correlation": 0.7922013982425192}, "cramer_v": {"type": "evidently.metrics.data_quality.dataset_correlations_metric.CorrelationStats", "target_prediction_correlation": null, "abs_max_target_features_correlation": null, "abs_max_prediction_features_correlation": null, "abs_max_correlation": 0.5461211497820577, "abs_max_features_correlation": 0.5461211497820577}}, "correlations_calculate": {"pearson": {"passenger_count": {"passenger_count": 1.0, "trip_distance": 0.0003192484907610202, "fare_amount": -0.011999280836258343, "total_amount": 0.0016089148028194786}, "trip_distance": {"passenger_count": 0.0003192484907610202, "trip_distance": 1.0, "fare_amount": 0.8126925509617426, "total_amount": 0.8311137617680068}, "fare_amount": {"passenger_count": -0.011999280836258343, "trip_distance": 0.8126925509617426, "fare_amount": 1.0, "total_amount": 0.9544460927682278}, "total_amount": {"passenger_count": 0.0016089148028194786, "trip_distance": 0.8311137617680068, "fare_amount": 0.9544460927682278, "total_amount": 1.0}}, "spearman": {"passenger_count": {"passenger_count": 1.0, "trip_distance": 0.022936447841016845, "fare_amount": 0.008707563430311089, "total_amount": 0.025386417852848467}, "trip_distance": {"passenger_count": 0.022936447841016845, "trip_distance": 1.0, "fare_amount": 0.7874099902218882, "total_amount": 0.7836626822429025}, "fare_amount": {"passenger_count": 0.008707563430311089, "trip_distance": 0.7874099902218882, "fare_amount": 1.0, "total_amount": 0.9332187923384611}, "total_amount": {"passenger_count": 0.025386417852848467, "trip_distance": 0.7836626822429025, "fare_amount": 0.9332187923384611, "total_amount": 1.0}}, "kendall": {"passenger_count": {"passenger_count": 1.0, "trip_distance": 0.01839260799285976, "fare_amount": 0.007198448515229415, "total_amount": 0.02032190475099432}, "trip_distance": {"passenger_count": 0.01839260799285976, "trip_distance": 1.0, "fare_amount": 0.7040264692994858, "total_amount": 0.6447592508021742}, "fare_amount": {"passenger_count": 0.007198448515229415, "trip_distance": 0.7040264692994858, "fare_amount": 1.0, "total_amount": 0.7922013982425192}, "total_amount": {"passenger_count": 0.02032190475099432, "trip_distance": 0.6447592508021742, "fare_amount": 0.7922013982425192, "total_amount": 1.0}}, "cramer_v": {"PULocationID": {"PULocationID": 1.0, "DOLocationID": 0.5461211497820577}, "DOLocationID": {"PULocationID": 0.5461211497820577, "DOLocationID": 1.0}}}}, "reference": null, "target_correlation": null}, {"type": "evidently.metrics.data_quality.column_quantile_metric.ColumnQuantileMetricResult", "column_name": "fare_amount", "column_type": "num", "quantile": 0.5, "current": {"type": "evidently.metrics.data_quality.column_quantile_metric.QuantileStats", "value": 12.8, "distribution": {"type": "evidently.metric_results.Distribution", "x": [-17.0, -11.066666666666666, -5.133333333333333, 0.8000000000000007, 6.733333333333334, 12.666666666666668, 18.6, 24.53333333333333, 30.46666666666667, 36.400000000000006, 42.333333333333336, 48.266666666666666, 54.2, 60.13333333333334, 66.06666666666666, 72.0, 77.93333333333334, 83.86666666666667, 89.8], "y": [1, 1, 1, 156, 710, 501, 200, 117, 57, 33, 9, 6, 4, 7, 14, 1, 0, 2]}}, "reference": null}], "tests": [], "test_results": [], "options": {"color": null, "render": null, "custom": {}, "data_definition": null}, "data_definition": {"columns": {"passenger_count": {"column_name": "passenger_count", "column_type": "num"}, "trip_distance": {"column_name": "trip_distance", "column_type": "num"}, "fare_amount": {"column_name": "fare_amount", "column_type": "num"}, "total_amount": {"column_name": "total_amount", "column_type": "num"}, "PULocationID": {"column_name": "PULocationID", "column_type": "cat"}, "DOLocationID": {"column_name": "DOLocationID", "column_type": "cat"}, "lpep_pickup_datetime": {"column_name": "lpep_pickup_datetime", "column_type": "datetime"}, "lpep_dropoff_datetime": {"column_name": "lpep_dropoff_datetime", "column_type": "datetime"}}, "target": null, "prediction_columns": null, "id_column": null, "datetime_column": null,