{"id": "79c4b2b6-db60-4996-a0a6-a41a3c84e0ef", "name": null, "timestamp": "2024-03-22T00:00:00", "metadata": {}, "tags": [], "suite": {"metrics": [{"type": "evidently.metrics.data_quality.dataset_correlations_metric.DatasetCorrelationsMetric", "options": {"color": null, "render": null, "custom": {}, "data_definition": null}}, {"type": "evidently.metrics.data_quality.column_quantile_metric.ColumnQuantileMetric", "options": {"color": null, "render": null, "custom": {}, "data_definition": null}, "column_name": {"type": "evidently.base_metric.ColumnName", "name": "fare_amount", "display_name": "fare_amount", "dataset": "main"}, "quantile": 0.5}], "metric_results": [{"type": "evidently.metrics.data_quality.dataset_correlations_metric.DatasetCorrelationsMetricResult", "current": {"type": "evidently.metrics.data_quality.dataset_correlations_metric.DatasetCorrelation", "correlation": {"pearson": {"passenger_count": {"passenger_count": 1.0, "trip_distance": 0.026130471014498245, "fare_amount": 0.04170943209164372, "total_amount": 0.0561791740970916}, "trip_distance": {"passenger_count": 0.026130471014498245, "trip_distance": 1.0, "fare_amount": 0.7878973539702949, "total_amount": 0.8029388381975853}, "fare_amount": {"passenger_count": 0.04170943209164372, "trip_distance": 0.7878973539702949, "fare_amount": 1.0, "total_amount": 0.9545768458628937}, "total_amount": {"passenger_count": 0.0561791740970916, "trip_distance": 0.8029388381975853, "fare_amount": 0.9545768458628937, "total_amount": 1.0}}, "spearman": {"passenger_count": {"passenger_count": 1.0, "trip_distance": 0.023669236531986063, "fare_amount": 0.020534979733532036, "total_amount": 0.04642649701225973}, "trip_distance": {"passenger_count": 0.023669236531986063, "trip_distance": 1.0, "fare_amount": 0.8076342279980113, "total_amount": 0.7931836311397098}, "fare_amount": {"passenger_count": 0.020534979733532036, "trip_distance": 0.8076342279980113, "fare_amount": 1.0, "total_amount": 0.9420781356795358}, "total_amount": {"passenger_count": 0.04642649701225973, "trip_distance": 0.7931836311397098, "fare_amount": 0.9420781356795358, "total_amount": 1.0}}, "kendall": {"passenger_count": {"passenger_count": 1.0, "trip_distance": 0.018823951771541156, "fare_amount": 0.016585415366427894, "total_amount": 0.0371461299533318}, "trip_distance": {"passenger_count": 0.018823951771541156, "trip_distance": 1.0, "fare_amount": 0.7156165183823293, "total_amount": 0.6605384482046697}, "fare_amount": {"passenger_count": 0.016585415366427894, "trip_distance": 0.7156165183823293, "fare_amount": 1.0, "total_amount": 0.8053921291769449}, "total_amount": {"passenger_count": 0.0371461299533318, "trip_distance": 0.6605384482046697, "fare_amount": 0.8053921291769449, "total_amount": 1.0}}, "cramer_v": {"PULocationID": {"PULocationID": 1.0, "DOLocationID": 0.5456946160198911}, "DOLocationID": {"PULocationID": 0.5456946160198911, "DOLocationID": 1.0}}}, "stats": {"pearson": {"type": "evidently.metrics.data_quality.dataset_correlations_metric.CorrelationStats", "target_prediction_correlation": null, "abs_max_target_features_correlation": null, "abs_max_prediction_features_correlation": null, "abs_max_correlation": 0.9545768458628937, "abs_max_features_correlation": 0.9545768458628937}, "spearman": {"type": "evidently.metrics.data_quality.dataset_correlations_metric.CorrelationStats", "target_prediction_correlation": null, "abs_max_target_features_correlation": null, "abs_max_prediction_features_correlation": null, "abs_max_correlation": 0.9420781356795358, "abs_max_features_correlation": 0.9420781356795358}, "kendall": {"type": "evidently.metrics.data_quality.dataset_correlations_metric.CorrelationStats", "target_prediction_correlation": null, "abs_max_target_features_correlation": null, "abs_max_prediction_features_correlation": null, "abs_max_correlation": 0.8053921291769449, "abs_max_features_correlation": 0.8053921291769449}, "cramer_v": {"type": "evidently.metrics.data_quality.dataset_correlations_metric.CorrelationStats", "target_prediction_correlation": null, "abs_max_target_features_correlation": null, "abs_max_prediction_features_correlation": null, "abs_max_correlation": 0.5456946160198911, "abs_max_features_correlation": 0.5456946160198911}}, "correlations_calculate": {"pearson": {"passenger_count": {"passenger_count": 1.0, "trip_distance": 0.026130471014498245, "fare_amount": 0.04170943209164372, "total_amount": 0.0561791740970916}, "trip_distance": {"passenger_count": 0.026130471014498245, "trip_distance": 1.0, "fare_amount": 0.7878973539702949, "total_amount": 0.8029388381975853}, "fare_amount": {"passenger_count": 0.04170943209164372, "trip_distance": 0.7878973539702949, "fare_amount": 1.0, "total_amount": 0.9545768458628937}, "total_amount": {"passenger_count": 0.0561791740970916, "trip_distance": 0.8029388381975853, "fare_amount": 0.9545768458628937, "total_amount": 1.0}}, "spearman": {"passenger_count": {"passenger_count": 1.0, "trip_distance": 0.023669236531986063, "fare_amount": 0.020534979733532036, "total_amount": 0.04642649701225973}, "trip_distance": {"passenger_count": 0.023669236531986063, "trip_distance": 1.0, "fare_amount": 0.8076342279980113, "total_amount": 0.7931836311397098}, "fare_amount": {"passenger_count": 0.020534979733532036, "trip_distance": 0.8076342279980113, "fare_amount": 1.0, "total_amount": 0.9420781356795358}, "total_amount": {"passenger_count": 0.04642649701225973, "trip_distance": 0.7931836311397098, "fare_amount": 0.9420781356795358, "total_amount": 1.0}}, "kendall": {"passenger_count": {"passenger_count": 1.0, "trip_distance": 0.018823951771541156, "fare_amount": 0.016585415366427894, "total_amount": 0.0371461299533318}, "trip_distance": {"passenger_count": 0.018823951771541156, "trip_distance": 1.0, "fare_amount": 0.7156165183823293, "total_amount": 0.6605384482046697}, "fare_amount": {"passenger_count": 0.016585415366427894, "trip_distance": 0.7156165183823293, "fare_amount": 1.0, "total_amount": 0.8053921291769449}, "total_amount": {"passenger_count": 0.0371461299533318, "trip_distance": 0.6605384482046697, "fare_amount": 0.8053921291769449, "total_amount": 1.0}}, "cramer_v": {"PULocationID": {"PULocationID": 1.0, "DOLocationID": 0.5456946160198911}, "DOLocationID": {"PULocationID": 0.5456946160198911, "DOLocationID": 1.0}}}}, "reference": null, "target_correlation": null}, {"type": "evidently.metrics.data_quality.column_quantile_metric.ColumnQuantileMetricResult", "column_name": "fare_amount", "column_type": "num", "quantile": 0.5, "current": {"type": "evidently.metrics.data_quality.column_quantile_metric.QuantileStats", "value": 12.8, "distribution": {"type": "evidently.metric_results.Distribution", "x": [-10.0, -1.666666666666666, 6.666666666666668, 15.0, 23.333333333333336, 31.66666666666667, 40.0, 48.333333333333336, 56.66666666666667, 65.0, 73.33333333333334, 81.66666666666667, 90.0, 98.33333333333334, 106.66666666666667, 115.00000000000001, 123.33333333333334, 131.66666666666669, 140.0], "y": [5, 159, 926, 415, 158, 80, 36, 26, 9, 10, 1, 2, 0, 0, 0, 0, 2, 1]}}, "reference": null}], "tests": [], "test_results": [], "options": {"color": null, "render": null, "custom": {}, "data_definition": null}, "data_definition": {"columns": {"passenger_count": {"column_name": "passenger_count", "column_type": "num"}, "trip_distance": {"column_name": "trip_distance", "column_type": "num"}, "fare_amount": {"column_name": "fare_amount", "column_type": "num"}, "total_amount": {"column_name": "total_amount", "column_type": "num"}, "PULocationID": {"column_name": "PULocationID", "column_type": "cat"}, "DOLocationID": {"column_name": "DOLocationID", "column_type": "cat"}, "lpep_pickup_datetime": {"column_name": "lpep_pickup_datetime", "column_type": "datetime"}, "lpep_dropoff_datetime": {"column_name": "lpep_dropoff_datetime", "column_type": "datetime"}}, "target": null, "prediction_columns": null, "id_column": null, "datetime_column": null, "embeddings": null, "user_id": null,