{"id": "7b2bd2ca-5a79-42e8-9511-a1ad95c7a776", "name": null, "timestamp": "2024-03-17T00:00:00", "metadata": {}, "tags": [], "suite": {"metrics": [{"type": "evidently.metrics.data_quality.dataset_correlations_metric.DatasetCorrelationsMetric", "options": {"color": null, "render": null, "custom": {}, "data_definition": null}}, {"type": "evidently.metrics.data_quality.column_quantile_metric.ColumnQuantileMetric", "options": {"color": null, "render": null, "custom": {}, "data_definition": null}, "column_name": {"type": "evidently.base_metric.ColumnName", "name": "fare_amount", "display_name": "fare_amount", "dataset": "main"}, "quantile": 0.5}], "metric_results": [{"type": "evidently.metrics.data_quality.dataset_correlations_metric.DatasetCorrelationsMetricResult", "current": {"type": "evidently.metrics.data_quality.dataset_correlations_metric.DatasetCorrelation", "correlation": {"pearson": {"passenger_count": {"passenger_count": 1.0, "trip_distance": 0.035452769825041905, "fare_amount": 0.0321878541849122, "total_amount": 0.02297327041866408}, "trip_distance": {"passenger_count": 0.035452769825041905, "trip_distance": 1.0, "fare_amount": 0.7211509666588111, "total_amount": 0.7371904204715098}, "fare_amount": {"passenger_count": 0.0321878541849122, "trip_distance": 0.7211509666588111, "fare_amount": 1.0, "total_amount": 0.9662158266116156}, "total_amount": {"passenger_count": 0.02297327041866408, "trip_distance": 0.7371904204715098, "fare_amount": 0.9662158266116156, "total_amount": 1.0}}, "spearman": {"passenger_count": {"passenger_count": 1.0, "trip_distance": 0.07844861922121915, "fare_amount": 0.058046543284277156, "total_amount": 0.055821385143628256}, "trip_distance": {"passenger_count": 0.07844861922121915, "trip_distance": 1.0, "fare_amount": 0.7750211251540697, "total_amount": 0.7810171833572225}, "fare_amount": {"passenger_count": 0.058046543284277156, "trip_distance": 0.7750211251540697, "fare_amount": 1.0, "total_amount": 0.9561853945348364}, "total_amount": {"passenger_count": 0.055821385143628256, "trip_distance": 0.7810171833572225, "fare_amount": 0.9561853945348364, "total_amount": 1.0}}, "kendall": {"passenger_count": {"passenger_count": 1.0, "trip_distance": 0.06252022722871169, "fare_amount": 0.04690758094711727, "total_amount": 0.044477230687462774}, "trip_distance": {"passenger_count": 0.06252022722871169, "trip_distance": 1.0, "fare_amount": 0.7072280137110897, "total_amount": 0.6742671337302961}, "fare_amount": {"passenger_count": 0.04690758094711727, "trip_distance": 0.7072280137110897, "fare_amount": 1.0, "total_amount": 0.8385581610473416}, "total_amount": {"passenger_count": 0.044477230687462774, "trip_distance": 0.6742671337302961, "fare_amount": 0.8385581610473416, "total_amount": 1.0}}, "cramer_v": {"PULocationID": {"PULocationID": 1.0, "DOLocationID": 0.5010544794525891}, "DOLocationID": {"PULocationID": 0.5010544794525891, "DOLocationID": 1.0}}}, "stats": {"pearson": {"type": "evidently.metrics.data_quality.dataset_correlations_metric.CorrelationStats", "target_prediction_correlation": null, "abs_max_target_features_correlation": null, "abs_max_prediction_features_correlation": null, "abs_max_correlation": 0.9662158266116156, "abs_max_features_correlation": 0.9662158266116156}, "spearman": {"type": "evidently.metrics.data_quality.dataset_correlations_metric.CorrelationStats", "target_prediction_correlation": null, "abs_max_target_features_correlation": null, "abs_max_prediction_features_correlation": null, "abs_max_correlation": 0.9561853945348364, "abs_max_features_correlation": 0.9561853945348364}, "kendall": {"type": "evidently.metrics.data_quality.dataset_correlations_metric.CorrelationStats", "target_prediction_correlation": null, "abs_max_target_features_correlation": null, "abs_max_prediction_features_correlation": null, "abs_max_correlation": 0.8385581610473416, "abs_max_features_correlation": 0.8385581610473416}, "cramer_v": {"type": "evidently.metrics.data_quality.dataset_correlations_metric.CorrelationStats", "target_prediction_correlation": null, "abs_max_target_features_correlation": null, "abs_max_prediction_features_correlation": null, "abs_max_correlation": 0.5010544794525891, "abs_max_features_correlation": 0.5010544794525891}}, "correlations_calculate": {"pearson": {"passenger_count": {"passenger_count": 1.0, "trip_distance": 0.035452769825041905, "fare_amount": 0.0321878541849122, "total_amount": 0.02297327041866408}, "trip_distance": {"passenger_count": 0.035452769825041905, "trip_distance": 1.0, "fare_amount": 0.7211509666588111, "total_amount": 0.7371904204715098}, "fare_amount": {"passenger_count": 0.0321878541849122, "trip_distance": 0.7211509666588111, "fare_amount": 1.0, "total_amount": 0.9662158266116156}, "total_amount": {"passenger_count": 0.02297327041866408, "trip_distance": 0.7371904204715098, "fare_amount": 0.9662158266116156, "total_amount": 1.0}}, "spearman": {"passenger_count": {"passenger_count": 1.0, "trip_distance": 0.07844861922121915, "fare_amount": 0.058046543284277156, "total_amount": 0.055821385143628256}, "trip_distance": {"passenger_count": 0.07844861922121915, "trip_distance": 1.0, "fare_amount": 0.7750211251540697, "total_amount": 0.7810171833572225}, "fare_amount": {"passenger_count": 0.058046543284277156, "trip_distance": 0.7750211251540697, "fare_amount": 1.0, "total_amount": 0.9561853945348364}, "total_amount": {"passenger_count": 0.055821385143628256, "trip_distance": 0.7810171833572225, "fare_amount": 0.9561853945348364, "total_amount": 1.0}}, "kendall": {"passenger_count": {"passenger_count": 1.0, "trip_distance": 0.06252022722871169, "fare_amount": 0.04690758094711727, "total_amount": 0.044477230687462774}, "trip_distance": {"passenger_count": 0.06252022722871169, "trip_distance": 1.0, "fare_amount": 0.7072280137110897, "total_amount": 0.6742671337302961}, "fare_amount": {"passenger_count": 0.04690758094711727, "trip_distance": 0.7072280137110897, "fare_amount": 1.0, "total_amount": 0.8385581610473416}, "total_amount": {"passenger_count": 0.044477230687462774, "trip_distance": 0.6742671337302961, "fare_amount": 0.8385581610473416, "total_amount": 1.0}}, "cramer_v": {"PULocationID": {"PULocationID": 1.0, "DOLocationID": 0.5010544794525891}, "DOLocationID": {"PULocationID": 0.5010544794525891, "DOLocationID": 1.0}}}}, "reference": null, "target_correlation": null}, {"type": "evidently.metrics.data_quality.column_quantile_metric.ColumnQuantileMetricResult", "column_name": "fare_amount", "column_type": "num", "quantile": 0.5, "current": {"type": "evidently.metrics.data_quality.column_quantile_metric.QuantileStats", "value": 13.5, "distribution": {"type": "evidently.metric_results.Distribution", "x": [-15.0, -3.6111111111111107, 7.777777777777779, 19.16666666666667, 30.555555555555557, 41.94444444444444, 53.33333333333334, 64.72222222222223, 76.11111111111111, 87.5, 98.88888888888889, 110.27777777777779, 121.66666666666669, 133.05555555555557, 144.44444444444446, 155.83333333333334, 167.22222222222223, 178.61111111111111, 190.0], "y": [1, 162, 810, 220, 79, 43, 16, 9, 3, 2, 1, 0, 1, 1, 0, 0, 0, 1]}}, "reference": null}], "tests": [], "test_results": [], "options": {"color": null, "render": null, "custom": {}, "data_definition": null}, "data_definition": {"columns": {"passenger_count": {"column_name": "passenger_count", "column_type": "num"}, "trip_distance": {"column_name": "trip_distance", "column_type": "num"}, "fare_amount": {"column_name": "fare_amount", "column_type": "num"}, "total_amount": {"column_name": "total_amount", "column_type": "num"}, "PULocationID": {"column_name": "PULocationID", "column_type": "cat"}, "DOLocationID": {"column_name": "DOLocationID", "column_type": "cat"}, "lpep_pickup_datetime": {"column_name": "lpep_pickup_datetime", "column_type": "datetime"}, "lpep_dropoff_datetime": {"column_name": "lpep_dropoff_datetime", "column_type": "datetime"}}, "target": null, "prediction_columns": null, "id_column": null, "datetime_column": null,