{"id": "84e78482-3019-4217-8939-8d93fbaddd67", "name": null, "timestamp": "2024-03-28T00:00:00", "metadata": {}, "tags": [], "suite": {"metrics": [{"type": "evidently.metrics.data_quality.dataset_correlations_metric.DatasetCorrelationsMetric", "options": {"color": null, "render": null, "custom": {}, "data_definition": null}}, {"type": "evidently.metrics.data_quality.column_quantile_metric.ColumnQuantileMetric", "options": {"color": null, "render": null, "custom": {}, "data_definition": null}, "column_name": {"type": "evidently.base_metric.ColumnName", "name": "fare_amount", "display_name": "fare_amount", "dataset": "main"}, "quantile": 0.5}], "metric_results": [{"type": "evidently.metrics.data_quality.dataset_correlations_metric.DatasetCorrelationsMetricResult", "current": {"type": "evidently.metrics.data_quality.dataset_correlations_metric.DatasetCorrelation", "correlation": {"pearson": {"passenger_count": {"passenger_count": 1.0, "trip_distance": 0.0295932364832095, "fare_amount": 0.030152655209642693, "total_amount": 0.04430269443380255}, "trip_distance": {"passenger_count": 0.0295932364832095, "trip_distance": 1.0, "fare_amount": 0.7304075376742334, "total_amount": 0.7706246152328482}, "fare_amount": {"passenger_count": 0.030152655209642693, "trip_distance": 0.7304075376742334, "fare_amount": 1.0, "total_amount": 0.9627359413536901}, "total_amount": {"passenger_count": 0.04430269443380255, "trip_distance": 0.7706246152328482, "fare_amount": 0.9627359413536901, "total_amount": 1.0}}, "spearman": {"passenger_count": {"passenger_count": 1.0, "trip_distance": 0.0387819587527048, "fare_amount": 0.024196985816971474, "total_amount": 0.03928702024960179}, "trip_distance": {"passenger_count": 0.0387819587527048, "trip_distance": 1.0, "fare_amount": 0.7933313327382606, "total_amount": 0.795932431057565}, "fare_amount": {"passenger_count": 0.024196985816971474, "trip_distance": 0.7933313327382606, "fare_amount": 1.0, "total_amount": 0.9416280826220934}, "total_amount": {"passenger_count": 0.03928702024960179, "trip_distance": 0.795932431057565, "fare_amount": 0.9416280826220934, "total_amount": 1.0}}, "kendall": {"passenger_count": {"passenger_count": 1.0, "trip_distance": 0.03126582738097262, "fare_amount": 0.019797047194564255, "total_amount": 0.03167052224783524}, "trip_distance": {"passenger_count": 0.03126582738097262, "trip_distance": 1.0, "fare_amount": 0.6945334244973287, "total_amount": 0.6525501182876956}, "fare_amount": {"passenger_count": 0.019797047194564255, "trip_distance": 0.6945334244973287, "fare_amount": 1.0, "total_amount": 0.8037584018332534}, "total_amount": {"passenger_count": 0.03167052224783524, "trip_distance": 0.6525501182876956, "fare_amount": 0.8037584018332534, "total_amount": 1.0}}, "cramer_v": {"PULocationID": {"PULocationID": 1.0, "DOLocationID": 0.5463874142842933}, "DOLocationID": {"PULocationID": 0.5463874142842933, "DOLocationID": 1.0}}}, "stats": {"pearson": {"type": "evidently.metrics.data_quality.dataset_correlations_metric.CorrelationStats", "target_prediction_correlation": null, "abs_max_target_features_correlation": null, "abs_max_prediction_features_correlation": null, "abs_max_correlation": 0.9627359413536901, "abs_max_features_correlation": 0.9627359413536901}, "spearman": {"type": "evidently.metrics.data_quality.dataset_correlations_metric.CorrelationStats", "target_prediction_correlation": null, "abs_max_target_features_correlation": null, "abs_max_prediction_features_correlation": null, "abs_max_correlation": 0.9416280826220934, "abs_max_features_correlation": 0.9416280826220934}, "kendall": {"type": "evidently.metrics.data_quality.dataset_correlations_metric.CorrelationStats", "target_prediction_correlation": null, "abs_max_target_features_correlation": null, "abs_max_prediction_features_correlation": null, "abs_max_correlation": 0.8037584018332534, "abs_max_features_correlation": 0.8037584018332534}, "cramer_v": {"type": "evidently.metrics.data_quality.dataset_correlations_metric.CorrelationStats", "target_prediction_correlation": null, "abs_max_target_features_correlation": null, "abs_max_prediction_features_correlation": null, "abs_max_correlation": 0.5463874142842933, "abs_max_features_correlation": 0.5463874142842933}}, "correlations_calculate": {"pearson": {"passenger_count": {"passenger_count": 1.0, "trip_distance": 0.0295932364832095, "fare_amount": 0.030152655209642693, "total_amount": 0.04430269443380255}, "trip_distance": {"passenger_count": 0.0295932364832095, "trip_distance": 1.0, "fare_amount": 0.7304075376742334, "total_amount": 0.7706246152328482}, "fare_amount": {"passenger_count": 0.030152655209642693, "trip_distance": 0.7304075376742334, "fare_amount": 1.0, "total_amount": 0.9627359413536901}, "total_amount": {"passenger_count": 0.04430269443380255, "trip_distance": 0.7706246152328482, "fare_amount": 0.9627359413536901, "total_amount": 1.0}}, "spearman": {"passenger_count": {"passenger_count": 1.0, "trip_distance": 0.0387819587527048, "fare_amount": 0.024196985816971474, "total_amount": 0.03928702024960179}, "trip_distance": {"passenger_count": 0.0387819587527048, "trip_distance": 1.0, "fare_amount": 0.7933313327382606, "total_amount": 0.795932431057565}, "fare_amount": {"passenger_count": 0.024196985816971474, "trip_distance": 0.7933313327382606, "fare_amount": 1.0, "total_amount": 0.9416280826220934}, "total_amount": {"passenger_count": 0.03928702024960179, "trip_distance": 0.795932431057565, "fare_amount": 0.9416280826220934, "total_amount": 1.0}}, "kendall": {"passenger_count": {"passenger_count": 1.0, "trip_distance": 0.03126582738097262, "fare_amount": 0.019797047194564255, "total_amount": 0.03167052224783524}, "trip_distance": {"passenger_count": 0.03126582738097262, "trip_distance": 1.0, "fare_amount": 0.6945334244973287, "total_amount": 0.6525501182876956}, "fare_amount": {"passenger_count": 0.019797047194564255, "trip_distance": 0.6945334244973287, "fare_amount": 1.0, "total_amount": 0.8037584018332534}, "total_amount": {"passenger_count": 0.03167052224783524, "trip_distance": 0.6525501182876956, "fare_amount": 0.8037584018332534, "total_amount": 1.0}}, "cramer_v": {"PULocationID": {"PULocationID": 1.0, "DOLocationID": 0.5463874142842933}, "DOLocationID": {"PULocationID": 0.5463874142842933, "DOLocationID": 1.0}}}}, "reference": null, "target_correlation": null}, {"type": "evidently.metrics.data_quality.column_quantile_metric.ColumnQuantileMetricResult", "column_name": "fare_amount", "column_type": "num", "quantile": 0.5, "current": {"type": "evidently.metrics.data_quality.column_quantile_metric.QuantileStats", "value": 13.25, "distribution": {"type": "evidently.metric_results.Distribution", "x": [-8.6, 2.378947368421052, 13.357894736842104, 24.336842105263152, 35.315789473684205, 46.29473684210526, 57.273684210526305, 68.25263157894737, 79.23157894736842, 90.21052631578947, 101.18947368421053, 112.16842105263157, 123.14736842105262, 134.12631578947367, 145.10526315789474, 156.0842105263158, 167.06315789473683, 178.04210526315788, 189.02105263157893, 200.0], "y": [8, 1001, 730, 163, 69, 26, 9, 8, 2, 0, 0, 0, 0, 0, 0, 0, 1, 0, 1]}}, "reference": null}], "tests": [], "test_results": [], "options": {"color": null, "render": null, "custom": {}, "data_definition": null}, "data_definition": {"columns": {"passenger_count": {"column_name": "passenger_count", "column_type": "num"}, "trip_distance": {"column_name": "trip_distance", "column_type": "num"}, "fare_amount": {"column_name": "fare_amount", "column_type": "num"}, "total_amount": {"column_name": "total_amount", "column_type": "num"}, "PULocationID": {"column_name": "PULocationID", "column_type": "cat"}, "DOLocationID": {"column_name": "DOLocationID", "column_type": "cat"}, "lpep_pickup_datetime": {"column_name": "lpep_pickup_datetime", "column_type": "datetime"}, "lpep_dropoff_datetime": {"column_name": "lpep_dropoff_datetime", "column_type": "datetime"}}, "target": null, "prediction_columns": null, "id_column": null,