{"id": "89454c7d-cc7c-4769-8876-0ca60afc5721", "name": null, "timestamp": "2024-03-09T00:00:00", "metadata": {}, "tags": [], "suite": {"metrics": [{"type": "evidently.metrics.data_quality.dataset_correlations_metric.DatasetCorrelationsMetric", "options": {"color": null, "render": null, "custom": {}, "data_definition": null}}, {"type": "evidently.metrics.data_quality.column_quantile_metric.ColumnQuantileMetric", "options": {"color": null, "render": null, "custom": {}, "data_definition": null}, "column_name": {"type": "evidently.base_metric.ColumnName", "name": "fare_amount", "display_name": "fare_amount", "dataset": "main"}, "quantile": 0.5}], "metric_results": [{"type": "evidently.metrics.data_quality.dataset_correlations_metric.DatasetCorrelationsMetricResult", "current": {"type": "evidently.metrics.data_quality.dataset_correlations_metric.DatasetCorrelation", "correlation": {"pearson": {"passenger_count": {"passenger_count": 1.0, "trip_distance": 0.01860044698590093, "fare_amount": 0.0476643193636345, "total_amount": 0.05216094255777345}, "trip_distance": {"passenger_count": 0.01860044698590093, "trip_distance": 1.0, "fare_amount": 0.6316376281221457, "total_amount": 0.6865696586517657}, "fare_amount": {"passenger_count": 0.0476643193636345, "trip_distance": 0.6316376281221457, "fare_amount": 1.0, "total_amount": 0.9755154250513186}, "total_amount": {"passenger_count": 0.05216094255777345, "trip_distance": 0.6865696586517657, "fare_amount": 0.9755154250513186, "total_amount": 1.0}}, "spearman": {"passenger_count": {"passenger_count": 1.0, "trip_distance": 0.03292082827249429, "fare_amount": 0.0702921585168324, "total_amount": 0.0746611157741859}, "trip_distance": {"passenger_count": 0.03292082827249429, "trip_distance": 1.0, "fare_amount": 0.7735995497697904, "total_amount": 0.7731509494742329}, "fare_amount": {"passenger_count": 0.0702921585168324, "trip_distance": 0.7735995497697904, "fare_amount": 1.0, "total_amount": 0.9583724013150058}, "total_amount": {"passenger_count": 0.0746611157741859, "trip_distance": 0.7731509494742329, "fare_amount": 0.9583724013150058, "total_amount": 1.0}}, "kendall": {"passenger_count": {"passenger_count": 1.0, "trip_distance": 0.026449131721700218, "fare_amount": 0.05714321108436213, "total_amount": 0.05995222341794415}, "trip_distance": {"passenger_count": 0.026449131721700218, "trip_distance": 1.0, "fare_amount": 0.6892628302204304, "total_amount": 0.6536707277451329}, "fare_amount": {"passenger_count": 0.05714321108436213, "trip_distance": 0.6892628302204304, "fare_amount": 1.0, "total_amount": 0.8393118537500772}, "total_amount": {"passenger_count": 0.05995222341794415, "trip_distance": 0.6536707277451329, "fare_amount": 0.8393118537500772, "total_amount": 1.0}}, "cramer_v": {"PULocationID": {"PULocationID": 1.0, "DOLocationID": 0.5331406737581528}, "DOLocationID": {"PULocationID": 0.5331406737581528, "DOLocationID": 1.0}}}, "stats": {"pearson": {"type": "evidently.metrics.data_quality.dataset_correlations_metric.CorrelationStats", "target_prediction_correlation": null, "abs_max_target_features_correlation": null, "abs_max_prediction_features_correlation": null, "abs_max_correlation": 0.9755154250513186, "abs_max_features_correlation": 0.9755154250513186}, "spearman": {"type": "evidently.metrics.data_quality.dataset_correlations_metric.CorrelationStats", "target_prediction_correlation": null, "abs_max_target_features_correlation": null, "abs_max_prediction_features_correlation": null, "abs_max_correlation": 0.9583724013150058, "abs_max_features_correlation": 0.9583724013150058}, "kendall": {"type": "evidently.metrics.data_quality.dataset_correlations_metric.CorrelationStats", "target_prediction_correlation": null, "abs_max_target_features_correlation": null, "abs_max_prediction_features_correlation": null, "abs_max_correlation": 0.8393118537500772, "abs_max_features_correlation": 0.8393118537500772}, "cramer_v": {"type": "evidently.metrics.data_quality.dataset_correlations_metric.CorrelationStats", "target_prediction_correlation": null, "abs_max_target_features_correlation": null, "abs_max_prediction_features_correlation": null, "abs_max_correlation": 0.5331406737581528, "abs_max_features_correlation": 0.5331406737581528}}, "correlations_calculate": {"pearson": {"passenger_count": {"passenger_count": 1.0, "trip_distance": 0.01860044698590093, "fare_amount": 0.0476643193636345, "total_amount": 0.05216094255777345}, "trip_distance": {"passenger_count": 0.01860044698590093, "trip_distance": 1.0, "fare_amount": 0.6316376281221457, "total_amount": 0.6865696586517657}, "fare_amount": {"passenger_count": 0.0476643193636345, "trip_distance": 0.6316376281221457, "fare_amount": 1.0, "total_amount": 0.9755154250513186}, "total_amount": {"passenger_count": 0.05216094255777345, "trip_distance": 0.6865696586517657, "fare_amount": 0.9755154250513186, "total_amount": 1.0}}, "spearman": {"passenger_count": {"passenger_count": 1.0, "trip_distance": 0.03292082827249429, "fare_amount": 0.0702921585168324, "total_amount": 0.0746611157741859}, "trip_distance": {"passenger_count": 0.03292082827249429, "trip_distance": 1.0, "fare_amount": 0.7735995497697904, "total_amount": 0.7731509494742329}, "fare_amount": {"passenger_count": 0.0702921585168324, "trip_distance": 0.7735995497697904, "fare_amount": 1.0, "total_amount": 0.9583724013150058}, "total_amount": {"passenger_count": 0.0746611157741859, "trip_distance": 0.7731509494742329, "fare_amount": 0.9583724013150058, "total_amount": 1.0}}, "kendall": {"passenger_count": {"passenger_count": 1.0, "trip_distance": 0.026449131721700218, "fare_amount": 0.05714321108436213, "total_amount": 0.05995222341794415}, "trip_distance": {"passenger_count": 0.026449131721700218, "trip_distance": 1.0, "fare_amount": 0.6892628302204304, "total_amount": 0.6536707277451329}, "fare_amount": {"passenger_count": 0.05714321108436213, "trip_distance": 0.6892628302204304, "fare_amount": 1.0, "total_amount": 0.8393118537500772}, "total_amount": {"passenger_count": 0.05995222341794415, "trip_distance": 0.6536707277451329, "fare_amount": 0.8393118537500772, "total_amount": 1.0}}, "cramer_v": {"PULocationID": {"PULocationID": 1.0, "DOLocationID": 0.5331406737581528}, "DOLocationID": {"PULocationID": 0.5331406737581528, "DOLocationID": 1.0}}}}, "reference": null, "target_correlation": null}, {"type": "evidently.metrics.data_quality.column_quantile_metric.ColumnQuantileMetricResult", "column_name": "fare_amount", "column_type": "num", "quantile": 0.5, "current": {"type": "evidently.metrics.data_quality.column_quantile_metric.QuantileStats", "value": 13.5, "distribution": {"type": "evidently.metric_results.Distribution", "x": [-167.94, -147.49888888888887, -127.05777777777777, -106.61666666666666, -86.17555555555555, -65.73444444444443, -45.29333333333332, -24.852222222222224, -4.411111111111097, 16.03000000000003, 36.47111111111113, 56.912222222222226, 77.35333333333335, 97.79444444444448, 118.23555555555555, 138.67666666666668, 159.1177777777778, 179.55888888888893, 200.0], "y": [1, 0, 0, 0, 0, 0, 0, 2, 1056, 500, 73, 15, 3, 1, 1, 1, 1, 1]}}, "reference": null}], "tests": [], "test_results": [], "options": {"color": null, "render": null, "custom": {}, "data_definition": null}, "data_definition": {"columns": {"passenger_count": {"column_name": "passenger_count", "column_type": "num"}, "trip_distance": {"column_name": "trip_distance", "column_type": "num"}, "fare_amount": {"column_name": "fare_amount", "column_type": "num"}, "total_amount": {"column_name": "total_amount", "column_type": "num"}, "PULocationID": {"column_name": "PULocationID", "column_type": "cat"}, "DOLocationID": {"column_name": "DOLocationID", "column_type": "cat"}, "lpep_pickup_datetime": {"column_name": "lpep_pickup_datetime", "column_type": "datetime"}, "lpep_dropoff_datetime": {"column_name": "lpep_dropoff_datetime", "column_type": "datetime"}}, "target": null, "prediction_columns": null, "id_column": null, "datetime_column": null,