{"id": "8aab1671-a0c1-4ddd-acd6-7fbb966a9346", "name": null, "timestamp": "2024-03-31T00:00:00", "metadata": {}, "tags": [], "suite": {"metrics": [{"type": "evidently.metrics.data_quality.dataset_correlations_metric.DatasetCorrelationsMetric", "options": {"color": null, "render": null, "custom": {}, "data_definition": null}}, {"type": "evidently.metrics.data_quality.column_quantile_metric.ColumnQuantileMetric", "options": {"color": null, "render": null, "custom": {}, "data_definition": null}, "column_name": {"type": "evidently.base_metric.ColumnName", "name": "fare_amount", "display_name": "fare_amount", "dataset": "main"}, "quantile": 0.5}], "metric_results": [{"type": "evidently.metrics.data_quality.dataset_correlations_metric.DatasetCorrelationsMetricResult", "current": {"type": "evidently.metrics.data_quality.dataset_correlations_metric.DatasetCorrelation", "correlation": {"pearson": {"passenger_count": {"passenger_count": 1.0, "trip_distance": -0.029208075890550998, "fare_amount": 0.006667235912619399, "total_amount": 0.0010124002004365065}, "trip_distance": {"passenger_count": -0.029208075890550998, "trip_distance": 1.0, "fare_amount": 0.7421502880497344, "total_amount": 0.759578143403175}, "fare_amount": {"passenger_count": 0.006667235912619399, "trip_distance": 0.7421502880497344, "fare_amount": 1.0, "total_amount": 0.9670216876457433}, "total_amount": {"passenger_count": 0.0010124002004365065, "trip_distance": 0.759578143403175, "fare_amount": 0.9670216876457433, "total_amount": 1.0}}, "spearman": {"passenger_count": {"passenger_count": 1.0, "trip_distance": 0.022193807585429406, "fare_amount": 0.040322174741598105, "total_amount": 0.04572099828944591}, "trip_distance": {"passenger_count": 0.022193807585429406, "trip_distance": 1.0, "fare_amount": 0.8331791853908195, "total_amount": 0.8171122808909702}, "fare_amount": {"passenger_count": 0.040322174741598105, "trip_distance": 0.8331791853908195, "fare_amount": 1.0, "total_amount": 0.9527885750456779}, "total_amount": {"passenger_count": 0.04572099828944591, "trip_distance": 0.8171122808909702, "fare_amount": 0.9527885750456779, "total_amount": 1.0}}, "kendall": {"passenger_count": {"passenger_count": 1.0, "trip_distance": 0.017723829008291208, "fare_amount": 0.03270284377012918, "total_amount": 0.03660688597569759}, "trip_distance": {"passenger_count": 0.017723829008291208, "trip_distance": 1.0, "fare_amount": 0.7531622830161857, "total_amount": 0.7014852077181476}, "fare_amount": {"passenger_count": 0.03270284377012918, "trip_distance": 0.7531622830161857, "fare_amount": 1.0, "total_amount": 0.8355363414836472}, "total_amount": {"passenger_count": 0.03660688597569759, "trip_distance": 0.7014852077181476, "fare_amount": 0.8355363414836472, "total_amount": 1.0}}, "cramer_v": {"PULocationID": {"PULocationID": 1.0, "DOLocationID": 0.5371270827997751}, "DOLocationID": {"PULocationID": 0.5371270827997751, "DOLocationID": 1.0}}}, "stats": {"pearson": {"type": "evidently.metrics.data_quality.dataset_correlations_metric.CorrelationStats", "target_prediction_correlation": null, "abs_max_target_features_correlation": null, "abs_max_prediction_features_correlation": null, "abs_max_correlation": 0.9670216876457433, "abs_max_features_correlation": 0.9670216876457433}, "spearman": {"type": "evidently.metrics.data_quality.dataset_correlations_metric.CorrelationStats", "target_prediction_correlation": null, "abs_max_target_features_correlation": null, "abs_max_prediction_features_correlation": null, "abs_max_correlation": 0.9527885750456779, "abs_max_features_correlation": 0.9527885750456779}, "kendall": {"type": "evidently.metrics.data_quality.dataset_correlations_metric.CorrelationStats", "target_prediction_correlation": null, "abs_max_target_features_correlation": null, "abs_max_prediction_features_correlation": null, "abs_max_correlation": 0.8355363414836472, "abs_max_features_correlation": 0.8355363414836472}, "cramer_v": {"type": "evidently.metrics.data_quality.dataset_correlations_metric.CorrelationStats", "target_prediction_correlation": null, "abs_max_target_features_correlation": null, "abs_max_prediction_features_correlation": null, "abs_max_correlation": 0.5371270827997751, "abs_max_features_correlation": 0.5371270827997751}}, "correlations_calculate": {"pearson": {"passenger_count": {"passenger_count": 1.0, "trip_distance": -0.029208075890550998, "fare_amount": 0.006667235912619399, "total_amount": 0.0010124002004365065}, "trip_distance": {"passenger_count": -0.029208075890550998, "trip_distance": 1.0, "fare_amount": 0.7421502880497344, "total_amount": 0.759578143403175}, "fare_amount": {"passenger_count": 0.006667235912619399, "trip_distance": 0.7421502880497344, "fare_amount": 1.0, "total_amount": 0.9670216876457433}, "total_amount": {"passenger_count": 0.0010124002004365065, "trip_distance": 0.759578143403175, "fare_amount": 0.9670216876457433, "total_amount": 1.0}}, "spearman": {"passenger_count": {"passenger_count": 1.0, "trip_distance": 0.022193807585429406, "fare_amount": 0.040322174741598105, "total_amount": 0.04572099828944591}, "trip_distance": {"passenger_count": 0.022193807585429406, "trip_distance": 1.0, "fare_amount": 0.8331791853908195, "total_amount": 0.8171122808909702}, "fare_amount": {"passenger_count": 0.040322174741598105, "trip_distance": 0.8331791853908195, "fare_amount": 1.0, "total_amount": 0.9527885750456779}, "total_amount": {"passenger_count": 0.04572099828944591, "trip_distance": 0.8171122808909702, "fare_amount": 0.9527885750456779, "total_amount": 1.0}}, "kendall": {"passenger_count": {"passenger_count": 1.0, "trip_distance": 0.017723829008291208, "fare_amount": 0.03270284377012918, "total_amount": 0.03660688597569759}, "trip_distance": {"passenger_count": 0.017723829008291208, "trip_distance": 1.0, "fare_amount": 0.7531622830161857, "total_amount": 0.7014852077181476}, "fare_amount": {"passenger_count": 0.03270284377012918, "trip_distance": 0.7531622830161857, "fare_amount": 1.0, "total_amount": 0.8355363414836472}, "total_amount": {"passenger_count": 0.03660688597569759, "trip_distance": 0.7014852077181476, "fare_amount": 0.8355363414836472, "total_amount": 1.0}}, "cramer_v": {"PULocationID": {"PULocationID": 1.0, "DOLocationID": 0.5371270827997751}, "DOLocationID": {"PULocationID": 0.5371270827997751, "DOLocationID": 1.0}}}}, "reference": null, "target_correlation": null}, {"type": "evidently.metrics.data_quality.column_quantile_metric.ColumnQuantileMetricResult", "column_name": "fare_amount", "column_type": "num", "quantile": 0.5, "current": {"type": "evidently.metrics.data_quality.column_quantile_metric.QuantileStats", "value": 13.5, "distribution": {"type": "evidently.metric_results.Distribution", "x": [-7.9, 0.8166666666666664, 9.533333333333333, 18.25, 26.96666666666667, 35.68333333333334, 44.4, 53.11666666666667, 61.833333333333336, 70.55, 79.26666666666667, 87.98333333333333, 96.69999999999999, 105.41666666666666, 114.13333333333333, 122.85, 131.56666666666666, 140.28333333333333, 149.0], "y": [4, 350, 658, 191, 74, 46, 26, 19, 14, 4, 6, 2, 3, 0, 1, 0, 0, 1]}}, "reference": null}], "tests": [], "test_results": [], "options": {"color": null, "render": null, "custom": {}, "data_definition": null}, "data_definition": {"columns": {"passenger_count": {"column_name": "passenger_count", "column_type": "num"}, "trip_distance": {"column_name": "trip_distance", "column_type": "num"}, "fare_amount": {"column_name": "fare_amount", "column_type": "num"}, "total_amount": {"column_name": "total_amount", "column_type": "num"}, "PULocationID": {"column_name": "PULocationID", "column_type": "cat"}, "DOLocationID": {"column_name": "DOLocationID", "column_type": "cat"}, "lpep_pickup_datetime": {"column_name": "lpep_pickup_datetime", "column_type": "datetime"}, "lpep_dropoff_datetime": {"column_name": "lpep_dropoff_datetime", "column_type": "datetime"}}, "target": null, "prediction_columns": null, "id_column": null, "datetime_column": null, "embeddings": null,