{"id": "8c8b2a1b-6e02-4bac-a0b3-e3b790e3300b", "name": null, "timestamp": "2024-03-07T00:00:00", "metadata": {}, "tags": [], "suite": {"metrics": [{"type": "evidently.metrics.data_quality.dataset_correlations_metric.DatasetCorrelationsMetric", "options": {"color": null, "render": null, "custom": {}, "data_definition": null}}, {"type": "evidently.metrics.data_quality.column_quantile_metric.ColumnQuantileMetric", "options": {"color": null, "render": null, "custom": {}, "data_definition": null}, "column_name": {"type": "evidently.base_metric.ColumnName", "name": "fare_amount", "display_name": "fare_amount", "dataset": "main"}, "quantile": 0.5}], "metric_results": [{"type": "evidently.metrics.data_quality.dataset_correlations_metric.DatasetCorrelationsMetricResult", "current": {"type": "evidently.metrics.data_quality.dataset_correlations_metric.DatasetCorrelation", "correlation": {"pearson": {"passenger_count": {"passenger_count": 1.0, "trip_distance": 0.04887729165763572, "fare_amount": 0.021813211159276372, "total_amount": 0.022460571766594828}, "trip_distance": {"passenger_count": 0.04887729165763572, "trip_distance": 1.0, "fare_amount": 0.8106803434056861, "total_amount": 0.8244215848461873}, "fare_amount": {"passenger_count": 0.021813211159276372, "trip_distance": 0.8106803434056861, "fare_amount": 1.0, "total_amount": 0.9544934998653744}, "total_amount": {"passenger_count": 0.022460571766594828, "trip_distance": 0.8244215848461873, "fare_amount": 0.9544934998653744, "total_amount": 1.0}}, "spearman": {"passenger_count": {"passenger_count": 1.0, "trip_distance": 0.013510049941665237, "fare_amount": -0.013972406638138705, "total_amount": -0.0037986950124772995}, "trip_distance": {"passenger_count": 0.013510049941665237, "trip_distance": 1.0, "fare_amount": 0.7975448507577493, "total_amount": 0.7937669121438188}, "fare_amount": {"passenger_count": -0.013972406638138705, "trip_distance": 0.7975448507577493, "fare_amount": 1.0, "total_amount": 0.9432788248477343}, "total_amount": {"passenger_count": -0.0037986950124772995, "trip_distance": 0.7937669121438188, "fare_amount": 0.9432788248477343, "total_amount": 1.0}}, "kendall": {"passenger_count": {"passenger_count": 1.0, "trip_distance": 0.010774610667415875, "fare_amount": -0.011345774835107366, "total_amount": -0.0030778654471973503}, "trip_distance": {"passenger_count": 0.010774610667415875, "trip_distance": 1.0, "fare_amount": 0.7197705564378787, "total_amount": 0.6586641320191633}, "fare_amount": {"passenger_count": -0.011345774835107366, "trip_distance": 0.7197705564378787, "fare_amount": 1.0, "total_amount": 0.8067506670360238}, "total_amount": {"passenger_count": -0.0030778654471973503, "trip_distance": 0.6586641320191633, "fare_amount": 0.8067506670360238, "total_amount": 1.0}}, "cramer_v": {"PULocationID": {"PULocationID": 1.0, "DOLocationID": 0.5612768572055226}, "DOLocationID": {"PULocationID": 0.5612768572055226, "DOLocationID": 1.0}}}, "stats": {"pearson": {"type": "evidently.metrics.data_quality.dataset_correlations_metric.CorrelationStats", "target_prediction_correlation": null, "abs_max_target_features_correlation": null, "abs_max_prediction_features_correlation": null, "abs_max_correlation": 0.9544934998653744, "abs_max_features_correlation": 0.9544934998653744}, "spearman": {"type": "evidently.metrics.data_quality.dataset_correlations_metric.CorrelationStats", "target_prediction_correlation": null, "abs_max_target_features_correlation": null, "abs_max_prediction_features_correlation": null, "abs_max_correlation": 0.9432788248477343, "abs_max_features_correlation": 0.9432788248477343}, "kendall": {"type": "evidently.metrics.data_quality.dataset_correlations_metric.CorrelationStats", "target_prediction_correlation": null, "abs_max_target_features_correlation": null, "abs_max_prediction_features_correlation": null, "abs_max_correlation": 0.8067506670360238, "abs_max_features_correlation": 0.8067506670360238}, "cramer_v": {"type": "evidently.metrics.data_quality.dataset_correlations_metric.CorrelationStats", "target_prediction_correlation": null, "abs_max_target_features_correlation": null, "abs_max_prediction_features_correlation": null, "abs_max_correlation": 0.5612768572055226, "abs_max_features_correlation": 0.5612768572055226}}, "correlations_calculate": {"pearson": {"passenger_count": {"passenger_count": 1.0, "trip_distance": 0.04887729165763572, "fare_amount": 0.021813211159276372, "total_amount": 0.022460571766594828}, "trip_distance": {"passenger_count": 0.04887729165763572, "trip_distance": 1.0, "fare_amount": 0.8106803434056861, "total_amount": 0.8244215848461873}, "fare_amount": {"passenger_count": 0.021813211159276372, "trip_distance": 0.8106803434056861, "fare_amount": 1.0, "total_amount": 0.9544934998653744}, "total_amount": {"passenger_count": 0.022460571766594828, "trip_distance": 0.8244215848461873, "fare_amount": 0.9544934998653744, "total_amount": 1.0}}, "spearman": {"passenger_count": {"passenger_count": 1.0, "trip_distance": 0.013510049941665237, "fare_amount": -0.013972406638138705, "total_amount": -0.0037986950124772995}, "trip_distance": {"passenger_count": 0.013510049941665237, "trip_distance": 1.0, "fare_amount": 0.7975448507577493, "total_amount": 0.7937669121438188}, "fare_amount": {"passenger_count": -0.013972406638138705, "trip_distance": 0.7975448507577493, "fare_amount": 1.0, "total_amount": 0.9432788248477343}, "total_amount": {"passenger_count": -0.0037986950124772995, "trip_distance": 0.7937669121438188, "fare_amount": 0.9432788248477343, "total_amount": 1.0}}, "kendall": {"passenger_count": {"passenger_count": 1.0, "trip_distance": 0.010774610667415875, "fare_amount": -0.011345774835107366, "total_amount": -0.0030778654471973503}, "trip_distance": {"passenger_count": 0.010774610667415875, "trip_distance": 1.0, "fare_amount": 0.7197705564378787, "total_amount": 0.6586641320191633}, "fare_amount": {"passenger_count": -0.011345774835107366, "trip_distance": 0.7197705564378787, "fare_amount": 1.0, "total_amount": 0.8067506670360238}, "total_amount": {"passenger_count": -0.0030778654471973503, "trip_distance": 0.6586641320191633, "fare_amount": 0.8067506670360238, "total_amount": 1.0}}, "cramer_v": {"PULocationID": {"PULocationID": 1.0, "DOLocationID": 0.5612768572055226}, "DOLocationID": {"PULocationID": 0.5612768572055226, "DOLocationID": 1.0}}}}, "reference": null, "target_correlation": null}, {"type": "evidently.metrics.data_quality.column_quantile_metric.ColumnQuantileMetricResult", "column_name": "fare_amount", "column_type": "num", "quantile": 0.5, "current": {"type": "evidently.metrics.data_quality.column_quantile_metric.QuantileStats", "value": 13.5, "distribution": {"type": "evidently.metric_results.Distribution", "x": [-28.9, -18.127777777777776, -7.355555555555554, 3.4166666666666643, 14.18888888888889, 24.961111111111116, 35.73333333333333, 46.50555555555555, 57.27777777777778, 68.05000000000001, 78.82222222222222, 89.59444444444443, 100.36666666666665, 111.13888888888889, 121.9111111111111, 132.68333333333334, 143.45555555555555, 154.22777777777776, 165.0], "y": [1, 1, 35, 1023, 643, 188, 77, 16, 12, 11, 1, 2, 1, 0, 0, 0, 0, 1]}}, "reference": null}], "tests": [], "test_results": [], "options": {"color": null, "render": null, "custom": {}, "data_definition": null}, "data_definition": {"columns": {"passenger_count": {"column_name": "passenger_count", "column_type": "num"}, "trip_distance": {"column_name": "trip_distance", "column_type": "num"}, "fare_amount": {"column_name": "fare_amount", "column_type": "num"}, "total_amount": {"column_name": "total_amount", "column_type": "num"}, "PULocationID": {"column_name": "PULocationID", "column_type": "cat"}, "DOLocationID": {"column_name": "DOLocationID", "column_type": "cat"}, "lpep_pickup_datetime": {"column_name": "lpep_pickup_datetime", "column_type": "datetime"}, "lpep_dropoff_datetime": {"column_name": "lpep_dropoff_datetime", "column_type": "datetime"}}, "target": null,