{"id": "96fc3670-d129-461d-8729-a862d9d84914", "name": null, "timestamp": "2024-03-26T00:00:00", "metadata": {}, "tags": [], "suite": {"metrics": [{"type": "evidently.metrics.data_quality.dataset_correlations_metric.DatasetCorrelationsMetric", "options": {"color": null, "render": null, "custom": {}, "data_definition": null}}, {"type": "evidently.metrics.data_quality.column_quantile_metric.ColumnQuantileMetric", "options": {"color": null, "render": null, "custom": {}, "data_definition": null}, "column_name": {"type": "evidently.base_metric.ColumnName", "name": "fare_amount", "display_name": "fare_amount", "dataset": "main"}, "quantile": 0.5}], "metric_results": [{"type": "evidently.metrics.data_quality.dataset_correlations_metric.DatasetCorrelationsMetricResult", "current": {"type": "evidently.metrics.data_quality.dataset_correlations_metric.DatasetCorrelation", "correlation": {"pearson": {"passenger_count": {"passenger_count": 1.0, "trip_distance": 0.015106720929705981, "fare_amount": -0.001397950904208372, "total_amount": 0.008887925674607673}, "trip_distance": {"passenger_count": 0.015106720929705981, "trip_distance": 1.0, "fare_amount": 0.8238997378008117, "total_amount": 0.8417433177822685}, "fare_amount": {"passenger_count": -0.001397950904208372, "trip_distance": 0.8238997378008117, "fare_amount": 1.0, "total_amount": 0.958442223145288}, "total_amount": {"passenger_count": 0.008887925674607673, "trip_distance": 0.8417433177822685, "fare_amount": 0.958442223145288, "total_amount": 1.0}}, "spearman": {"passenger_count": {"passenger_count": 1.0, "trip_distance": 0.02446029470699971, "fare_amount": 0.0008432141627125986, "total_amount": 0.00826545994008926}, "trip_distance": {"passenger_count": 0.02446029470699971, "trip_distance": 1.0, "fare_amount": 0.7920863154696689, "total_amount": 0.7887297075812283}, "fare_amount": {"passenger_count": 0.0008432141627125986, "trip_distance": 0.7920863154696689, "fare_amount": 1.0, "total_amount": 0.9450048323305313}, "total_amount": {"passenger_count": 0.00826545994008926, "trip_distance": 0.7887297075812283, "fare_amount": 0.9450048323305313, "total_amount": 1.0}}, "kendall": {"passenger_count": {"passenger_count": 1.0, "trip_distance": 0.01960964351315736, "fare_amount": 0.0007675287930066938, "total_amount": 0.006655828166410253}, "trip_distance": {"passenger_count": 0.01960964351315736, "trip_distance": 1.0, "fare_amount": 0.7070983055444743, "total_amount": 0.6548075432222367}, "fare_amount": {"passenger_count": 0.0007675287930066938, "trip_distance": 0.7070983055444743, "fare_amount": 1.0, "total_amount": 0.8084971094756388}, "total_amount": {"passenger_count": 0.006655828166410253, "trip_distance": 0.6548075432222367, "fare_amount": 0.8084971094756388, "total_amount": 1.0}}, "cramer_v": {"PULocationID": {"PULocationID": 1.0, "DOLocationID": 0.5552673982517659}, "DOLocationID": {"PULocationID": 0.5552673982517659, "DOLocationID": 1.0}}}, "stats": {"pearson": {"type": "evidently.metrics.data_quality.dataset_correlations_metric.CorrelationStats", "target_prediction_correlation": null, "abs_max_target_features_correlation": null, "abs_max_prediction_features_correlation": null, "abs_max_correlation": 0.958442223145288, "abs_max_features_correlation": 0.958442223145288}, "spearman": {"type": "evidently.metrics.data_quality.dataset_correlations_metric.CorrelationStats", "target_prediction_correlation": null, "abs_max_target_features_correlation": null, "abs_max_prediction_features_correlation": null, "abs_max_correlation": 0.9450048323305313, "abs_max_features_correlation": 0.9450048323305313}, "kendall": {"type": "evidently.metrics.data_quality.dataset_correlations_metric.CorrelationStats", "target_prediction_correlation": null, "abs_max_target_features_correlation": null, "abs_max_prediction_features_correlation": null, "abs_max_correlation": 0.8084971094756388, "abs_max_features_correlation": 0.8084971094756388}, "cramer_v": {"type": "evidently.metrics.data_quality.dataset_correlations_metric.CorrelationStats", "target_prediction_correlation": null, "abs_max_target_features_correlation": null, "abs_max_prediction_features_correlation": null, "abs_max_correlation": 0.5552673982517659, "abs_max_features_correlation": 0.5552673982517659}}, "correlations_calculate": {"pearson": {"passenger_count": {"passenger_count": 1.0, "trip_distance": 0.015106720929705981, "fare_amount": -0.001397950904208372, "total_amount": 0.008887925674607673}, "trip_distance": {"passenger_count": 0.015106720929705981, "trip_distance": 1.0, "fare_amount": 0.8238997378008117, "total_amount": 0.8417433177822685}, "fare_amount": {"passenger_count": -0.001397950904208372, "trip_distance": 0.8238997378008117, "fare_amount": 1.0, "total_amount": 0.958442223145288}, "total_amount": {"passenger_count": 0.008887925674607673, "trip_distance": 0.8417433177822685, "fare_amount": 0.958442223145288, "total_amount": 1.0}}, "spearman": {"passenger_count": {"passenger_count": 1.0, "trip_distance": 0.02446029470699971, "fare_amount": 0.0008432141627125986, "total_amount": 0.00826545994008926}, "trip_distance": {"passenger_count": 0.02446029470699971, "trip_distance": 1.0, "fare_amount": 0.7920863154696689, "total_amount": 0.7887297075812283}, "fare_amount": {"passenger_count": 0.0008432141627125986, "trip_distance": 0.7920863154696689, "fare_amount": 1.0, "total_amount": 0.9450048323305313}, "total_amount": {"passenger_count": 0.00826545994008926, "trip_distance": 0.7887297075812283, "fare_amount": 0.9450048323305313, "total_amount": 1.0}}, "kendall": {"passenger_count": {"passenger_count": 1.0, "trip_distance": 0.01960964351315736, "fare_amount": 0.0007675287930066938, "total_amount": 0.006655828166410253}, "trip_distance": {"passenger_count": 0.01960964351315736, "trip_distance": 1.0, "fare_amount": 0.7070983055444743, "total_amount": 0.6548075432222367}, "fare_amount": {"passenger_count": 0.0007675287930066938, "trip_distance": 0.7070983055444743, "fare_amount": 1.0, "total_amount": 0.8084971094756388}, "total_amount": {"passenger_count": 0.006655828166410253, "trip_distance": 0.6548075432222367, "fare_amount": 0.8084971094756388, "total_amount": 1.0}}, "cramer_v": {"PULocationID": {"PULocationID": 1.0, "DOLocationID": 0.5552673982517659}, "DOLocationID": {"PULocationID": 0.5552673982517659, "DOLocationID": 1.0}}}}, "reference": null, "target_correlation": null}, {"type": "evidently.metrics.data_quality.column_quantile_metric.ColumnQuantileMetricResult", "column_name": "fare_amount", "column_type": "num", "quantile": 0.5, "current": {"type": "evidently.metrics.data_quality.column_quantile_metric.QuantileStats", "value": 13.5, "distribution": {"type": "evidently.metric_results.Distribution", "x": [-7.9, -1.5388888888888896, 4.822222222222221, 11.183333333333332, 17.544444444444444, 23.90555555555555, 30.266666666666666, 36.62777777777777, 42.98888888888889, 49.35, 55.71111111111111, 62.072222222222216, 68.43333333333332, 74.79444444444444, 81.15555555555554, 87.51666666666665, 93.87777777777777, 100.23888888888888, 106.6], "y": [8, 33, 629, 553, 309, 125, 84, 37, 20, 15, 6, 2, 9, 1, 1, 0, 0, 1]}}, "reference": null}], "tests": [], "test_results": [], "options": {"color": null, "render": null, "custom": {}, "data_definition": null}, "data_definition": {"columns": {"passenger_count": {"column_name": "passenger_count", "column_type": "num"}, "trip_distance": {"column_name": "trip_distance", "column_type": "num"}, "fare_amount": {"column_name": "fare_amount", "column_type": "num"}, "total_amount": {"column_name": "total_amount", "column_type": "num"}, "PULocationID": {"column_name": "PULocationID", "column_type": "cat"}, "DOLocationID": {"column_name": "DOLocationID", "column_type": "cat"}, "lpep_pickup_datetime": {"column_name": "lpep_pickup_datetime", "column_type": "datetime"}, "lpep_dropoff_datetime": {"column_name": "lpep_dropoff_datetime", "column_type": "datetime"}}, "target": null, "prediction_columns": null, "id_column": null,