{"id": "a738fd90-4c37-48d2-968f-e8869f4b15d5", "name": null, "timestamp": "2024-03-11T00:00:00", "metadata": {}, "tags": [], "suite": {"metrics": [{"type": "evidently.metrics.data_quality.dataset_correlations_metric.DatasetCorrelationsMetric", "options": {"color": null, "render": null, "custom": {}, "data_definition": null}}, {"type": "evidently.metrics.data_quality.column_quantile_metric.ColumnQuantileMetric", "options": {"color": null, "render": null, "custom": {}, "data_definition": null}, "column_name": {"type": "evidently.base_metric.ColumnName", "name": "fare_amount", "display_name": "fare_amount", "dataset": "main"}, "quantile": 0.5}], "metric_results": [{"type": "evidently.metrics.data_quality.dataset_correlations_metric.DatasetCorrelationsMetricResult", "current": {"type": "evidently.metrics.data_quality.dataset_correlations_metric.DatasetCorrelation", "correlation": {"pearson": {"passenger_count": {"passenger_count": 1.0, "trip_distance": 0.012792765921128919, "fare_amount": 0.0016938502215342265, "total_amount": -0.005235271435389868}, "trip_distance": {"passenger_count": 0.012792765921128919, "trip_distance": 1.0, "fare_amount": 0.7868219062888342, "total_amount": 0.8002612884188431}, "fare_amount": {"passenger_count": 0.0016938502215342265, "trip_distance": 0.7868219062888342, "fare_amount": 1.0, "total_amount": 0.9567446982897813}, "total_amount": {"passenger_count": -0.005235271435389868, "trip_distance": 0.8002612884188431, "fare_amount": 0.9567446982897813, "total_amount": 1.0}}, "spearman": {"passenger_count": {"passenger_count": 1.0, "trip_distance": 0.026379961527313107, "fare_amount": 0.023572869062428854, "total_amount": 0.007366068106278018}, "trip_distance": {"passenger_count": 0.026379961527313107, "trip_distance": 1.0, "fare_amount": 0.7817406420862307, "total_amount": 0.7651021110378403}, "fare_amount": {"passenger_count": 0.023572869062428854, "trip_distance": 0.7817406420862307, "fare_amount": 1.0, "total_amount": 0.9346656931771121}, "total_amount": {"passenger_count": 0.007366068106278018, "trip_distance": 0.7651021110378403, "fare_amount": 0.9346656931771121, "total_amount": 1.0}}, "kendall": {"passenger_count": {"passenger_count": 1.0, "trip_distance": 0.021129475165194058, "fare_amount": 0.019256281570228215, "total_amount": 0.005849514023743868}, "trip_distance": {"passenger_count": 0.021129475165194058, "trip_distance": 1.0, "fare_amount": 0.7029815225637616, "total_amount": 0.6329805242595752}, "fare_amount": {"passenger_count": 0.019256281570228215, "trip_distance": 0.7029815225637616, "fare_amount": 1.0, "total_amount": 0.7955207197301114}, "total_amount": {"passenger_count": 0.005849514023743868, "trip_distance": 0.6329805242595752, "fare_amount": 0.7955207197301114, "total_amount": 1.0}}, "cramer_v": {"PULocationID": {"PULocationID": 1.0, "DOLocationID": 0.5547164464566019}, "DOLocationID": {"PULocationID": 0.5547164464566019, "DOLocationID": 1.0}}}, "stats": {"pearson": {"type": "evidently.metrics.data_quality.dataset_correlations_metric.CorrelationStats", "target_prediction_correlation": null, "abs_max_target_features_correlation": null, "abs_max_prediction_features_correlation": null, "abs_max_correlation": 0.9567446982897813, "abs_max_features_correlation": 0.9567446982897813}, "spearman": {"type": "evidently.metrics.data_quality.dataset_correlations_metric.CorrelationStats", "target_prediction_correlation": null, "abs_max_target_features_correlation": null, "abs_max_prediction_features_correlation": null, "abs_max_correlation": 0.9346656931771121, "abs_max_features_correlation": 0.9346656931771121}, "kendall": {"type": "evidently.metrics.data_quality.dataset_correlations_metric.CorrelationStats", "target_prediction_correlation": null, "abs_max_target_features_correlation": null, "abs_max_prediction_features_correlation": null, "abs_max_correlation": 0.7955207197301114, "abs_max_features_correlation": 0.7955207197301114}, "cramer_v": {"type": "evidently.metrics.data_quality.dataset_correlations_metric.CorrelationStats", "target_prediction_correlation": null, "abs_max_target_features_correlation": null, "abs_max_prediction_features_correlation": null, "abs_max_correlation": 0.5547164464566019, "abs_max_features_correlation": 0.5547164464566019}}, "correlations_calculate": {"pearson": {"passenger_count": {"passenger_count": 1.0, "trip_distance": 0.012792765921128919, "fare_amount": 0.0016938502215342265, "total_amount": -0.005235271435389868}, "trip_distance": {"passenger_count": 0.012792765921128919, "trip_distance": 1.0, "fare_amount": 0.7868219062888342, "total_amount": 0.8002612884188431}, "fare_amount": {"passenger_count": 0.0016938502215342265, "trip_distance": 0.7868219062888342, "fare_amount": 1.0, "total_amount": 0.9567446982897813}, "total_amount": {"passenger_count": -0.005235271435389868, "trip_distance": 0.8002612884188431, "fare_amount": 0.9567446982897813, "total_amount": 1.0}}, "spearman": {"passenger_count": {"passenger_count": 1.0, "trip_distance": 0.026379961527313107, "fare_amount": 0.023572869062428854, "total_amount": 0.007366068106278018}, "trip_distance": {"passenger_count": 0.026379961527313107, "trip_distance": 1.0, "fare_amount": 0.7817406420862307, "total_amount": 0.7651021110378403}, "fare_amount": {"passenger_count": 0.023572869062428854, "trip_distance": 0.7817406420862307, "fare_amount": 1.0, "total_amount": 0.9346656931771121}, "total_amount": {"passenger_count": 0.007366068106278018, "trip_distance": 0.7651021110378403, "fare_amount": 0.9346656931771121, "total_amount": 1.0}}, "kendall": {"passenger_count": {"passenger_count": 1.0, "trip_distance": 0.021129475165194058, "fare_amount": 0.019256281570228215, "total_amount": 0.005849514023743868}, "trip_distance": {"passenger_count": 0.021129475165194058, "trip_distance": 1.0, "fare_amount": 0.7029815225637616, "total_amount": 0.6329805242595752}, "fare_amount": {"passenger_count": 0.019256281570228215, "trip_distance": 0.7029815225637616, "fare_amount": 1.0, "total_amount": 0.7955207197301114}, "total_amount": {"passenger_count": 0.005849514023743868, "trip_distance": 0.6329805242595752, "fare_amount": 0.7955207197301114, "total_amount": 1.0}}, "cramer_v": {"PULocationID": {"PULocationID": 1.0, "DOLocationID": 0.5547164464566019}, "DOLocationID": {"PULocationID": 0.5547164464566019, "DOLocationID": 1.0}}}}, "reference": null, "target_correlation": null}, {"type": "evidently.metrics.data_quality.column_quantile_metric.ColumnQuantileMetricResult", "column_name": "fare_amount", "column_type": "num", "quantile": 0.5, "current": {"type": "evidently.metrics.data_quality.column_quantile_metric.QuantileStats", "value": 12.8, "distribution": {"type": "evidently.metric_results.Distribution", "x": [-3.0, 4.222222222222222, 11.444444444444445, 18.666666666666668, 25.88888888888889, 33.111111111111114, 40.333333333333336, 47.55555555555556, 54.77777777777778, 62.0, 69.22222222222223, 76.44444444444444, 83.66666666666667, 90.88888888888889, 98.11111111111111, 105.33333333333333, 112.55555555555556, 119.77777777777779, 127.0], "y": [27, 742, 545, 190, 114, 61, 29, 15, 9, 5, 3, 1, 0, 0, 0, 0, 0, 1]}}, "reference": null}], "tests": [], "test_results": [], "options": {"color": null, "render": null, "custom": {}, "data_definition": null}, "data_definition": {"columns": {"passenger_count": {"column_name": "passenger_count", "column_type": "num"}, "trip_distance": {"column_name": "trip_distance", "column_type": "num"}, "fare_amount": {"column_name": "fare_amount", "column_type": "num"}, "total_amount": {"column_name": "total_amount", "column_type": "num"}, "PULocationID": {"column_name": "PULocationID", "column_type": "cat"}, "DOLocationID": {"column_name": "DOLocationID", "column_type": "cat"}, "lpep_pickup_datetime": {"column_name": "lpep_pickup_datetime", "column_type": "datetime"}, "lpep_dropoff_datetime": {"column_name": "lpep_dropoff_datetime", "column_type": "datetime"}}, "target": null, "prediction_columns": null, "id_column": null,