{"id": "abf813da-d146-47d6-8657-038f35b7ae51", "name": null, "timestamp": "2024-03-18T00:00:00", "metadata": {}, "tags": [], "suite": {"metrics": [{"type": "evidently.metrics.data_quality.dataset_correlations_metric.DatasetCorrelationsMetric", "options": {"color": null, "render": null, "custom": {}, "data_definition": null}}, {"type": "evidently.metrics.data_quality.column_quantile_metric.ColumnQuantileMetric", "options": {"color": null, "render": null, "custom": {}, "data_definition": null}, "column_name": {"type": "evidently.base_metric.ColumnName", "name": "fare_amount", "display_name": "fare_amount", "dataset": "main"}, "quantile": 0.5}], "metric_results": [{"type": "evidently.metrics.data_quality.dataset_correlations_metric.DatasetCorrelationsMetricResult", "current": {"type": "evidently.metrics.data_quality.dataset_correlations_metric.DatasetCorrelation", "correlation": {"pearson": {"passenger_count": {"passenger_count": 1.0, "trip_distance": 0.025708891167573893, "fare_amount": 0.005544509097744377, "total_amount": 0.006305283212420887}, "trip_distance": {"passenger_count": 0.025708891167573893, "trip_distance": 1.0, "fare_amount": 0.7491211547700546, "total_amount": 0.784098459309346}, "fare_amount": {"passenger_count": 0.005544509097744377, "trip_distance": 0.7491211547700546, "fare_amount": 1.0, "total_amount": 0.9553015677620708}, "total_amount": {"passenger_count": 0.006305283212420887, "trip_distance": 0.784098459309346, "fare_amount": 0.9553015677620708, "total_amount": 1.0}}, "spearman": {"passenger_count": {"passenger_count": 1.0, "trip_distance": 0.022632295960653893, "fare_amount": 0.004803234224564642, "total_amount": 0.00606739240887806}, "trip_distance": {"passenger_count": 0.022632295960653893, "trip_distance": 1.0, "fare_amount": 0.7787668743926283, "total_amount": 0.7674386682756343}, "fare_amount": {"passenger_count": 0.004803234224564642, "trip_distance": 0.7787668743926283, "fare_amount": 1.0, "total_amount": 0.9403961284446335}, "total_amount": {"passenger_count": 0.00606739240887806, "trip_distance": 0.7674386682756343, "fare_amount": 0.9403961284446335, "total_amount": 1.0}}, "kendall": {"passenger_count": {"passenger_count": 1.0, "trip_distance": 0.018147815659361282, "fare_amount": 0.0039407718872047515, "total_amount": 0.0047963175686868125}, "trip_distance": {"passenger_count": 0.018147815659361282, "trip_distance": 1.0, "fare_amount": 0.7023245974141595, "total_amount": 0.6434756732917611}, "fare_amount": {"passenger_count": 0.0039407718872047515, "trip_distance": 0.7023245974141595, "fare_amount": 1.0, "total_amount": 0.8030325445601149}, "total_amount": {"passenger_count": 0.0047963175686868125, "trip_distance": 0.6434756732917611, "fare_amount": 0.8030325445601149, "total_amount": 1.0}}, "cramer_v": {"PULocationID": {"PULocationID": 1.0, "DOLocationID": 0.5731876097890848}, "DOLocationID": {"PULocationID": 0.5731876097890848, "DOLocationID": 1.0}}}, "stats": {"pearson": {"type": "evidently.metrics.data_quality.dataset_correlations_metric.CorrelationStats", "target_prediction_correlation": null, "abs_max_target_features_correlation": null, "abs_max_prediction_features_correlation": null, "abs_max_correlation": 0.9553015677620708, "abs_max_features_correlation": 0.9553015677620708}, "spearman": {"type": "evidently.metrics.data_quality.dataset_correlations_metric.CorrelationStats", "target_prediction_correlation": null, "abs_max_target_features_correlation": null, "abs_max_prediction_features_correlation": null, "abs_max_correlation": 0.9403961284446335, "abs_max_features_correlation": 0.9403961284446335}, "kendall": {"type": "evidently.metrics.data_quality.dataset_correlations_metric.CorrelationStats", "target_prediction_correlation": null, "abs_max_target_features_correlation": null, "abs_max_prediction_features_correlation": null, "abs_max_correlation": 0.8030325445601149, "abs_max_features_correlation": 0.8030325445601149}, "cramer_v": {"type": "evidently.metrics.data_quality.dataset_correlations_metric.CorrelationStats", "target_prediction_correlation": null, "abs_max_target_features_correlation": null, "abs_max_prediction_features_correlation": null, "abs_max_correlation": 0.5731876097890848, "abs_max_features_correlation": 0.5731876097890848}}, "correlations_calculate": {"pearson": {"passenger_count": {"passenger_count": 1.0, "trip_distance": 0.025708891167573893, "fare_amount": 0.005544509097744377, "total_amount": 0.006305283212420887}, "trip_distance": {"passenger_count": 0.025708891167573893, "trip_distance": 1.0, "fare_amount": 0.7491211547700546, "total_amount": 0.784098459309346}, "fare_amount": {"passenger_count": 0.005544509097744377, "trip_distance": 0.7491211547700546, "fare_amount": 1.0, "total_amount": 0.9553015677620708}, "total_amount": {"passenger_count": 0.006305283212420887, "trip_distance": 0.784098459309346, "fare_amount": 0.9553015677620708, "total_amount": 1.0}}, "spearman": {"passenger_count": {"passenger_count": 1.0, "trip_distance": 0.022632295960653893, "fare_amount": 0.004803234224564642, "total_amount": 0.00606739240887806}, "trip_distance": {"passenger_count": 0.022632295960653893, "trip_distance": 1.0, "fare_amount": 0.7787668743926283, "total_amount": 0.7674386682756343}, "fare_amount": {"passenger_count": 0.004803234224564642, "trip_distance": 0.7787668743926283, "fare_amount": 1.0, "total_amount": 0.9403961284446335}, "total_amount": {"passenger_count": 0.00606739240887806, "trip_distance": 0.7674386682756343, "fare_amount": 0.9403961284446335, "total_amount": 1.0}}, "kendall": {"passenger_count": {"passenger_count": 1.0, "trip_distance": 0.018147815659361282, "fare_amount": 0.0039407718872047515, "total_amount": 0.0047963175686868125}, "trip_distance": {"passenger_count": 0.018147815659361282, "trip_distance": 1.0, "fare_amount": 0.7023245974141595, "total_amount": 0.6434756732917611}, "fare_amount": {"passenger_count": 0.0039407718872047515, "trip_distance": 0.7023245974141595, "fare_amount": 1.0, "total_amount": 0.8030325445601149}, "total_amount": {"passenger_count": 0.0047963175686868125, "trip_distance": 0.6434756732917611, "fare_amount": 0.8030325445601149, "total_amount": 1.0}}, "cramer_v": {"PULocationID": {"PULocationID": 1.0, "DOLocationID": 0.5731876097890848}, "DOLocationID": {"PULocationID": 0.5731876097890848, "DOLocationID": 1.0}}}}, "reference": null, "target_correlation": null}, {"type": "evidently.metrics.data_quality.column_quantile_metric.ColumnQuantileMetricResult", "column_name": "fare_amount", "column_type": "num", "quantile": 0.5, "current": {"type": "evidently.metrics.data_quality.column_quantile_metric.QuantileStats", "value": 12.8, "distribution": {"type": "evidently.metric_results.Distribution", "x": [-5.8, 1.188888888888889, 8.177777777777777, 15.166666666666668, 22.155555555555555, 29.144444444444442, 36.13333333333334, 43.12222222222223, 50.111111111111114, 57.1, 64.08888888888889, 71.07777777777778, 78.06666666666668, 85.05555555555556, 92.04444444444445, 99.03333333333333, 106.02222222222223, 113.01111111111112, 120.0], "y": [9, 297, 813, 345, 149, 87, 40, 16, 8, 2, 5, 1, 0, 1, 1, 0, 0, 1]}}, "reference": null}], "tests": [], "test_results": [], "options": {"color": null, "render": null, "custom": {}, "data_definition": null}, "data_definition": {"columns": {"passenger_count": {"column_name": "passenger_count", "column_type": "num"}, "trip_distance": {"column_name": "trip_distance", "column_type": "num"}, "fare_amount": {"column_name": "fare_amount", "column_type": "num"}, "total_amount": {"column_name": "total_amount", "column_type": "num"}, "PULocationID": {"column_name": "PULocationID", "column_type": "cat"}, "DOLocationID": {"column_name": "DOLocationID", "column_type": "cat"}, "lpep_pickup_datetime": {"column_name": "lpep_pickup_datetime", "column_type": "datetime"}, "lpep_dropoff_datetime": {"column_name": "lpep_dropoff_datetime", "column_type": "datetime"}}, "target": null, "prediction_columns": null, "id_column": null,