{"id": "b1287dd4-d263-4d57-a3c1-3b4f81740cdf", "name": null, "timestamp": "2024-03-06T00:00:00", "metadata": {}, "tags": [], "suite": {"metrics": [{"type": "evidently.metrics.data_quality.dataset_correlations_metric.DatasetCorrelationsMetric", "options": {"color": null, "render": null, "custom": {}, "data_definition": null}}, {"type": "evidently.metrics.data_quality.column_quantile_metric.ColumnQuantileMetric", "options": {"color": null, "render": null, "custom": {}, "data_definition": null}, "column_name": {"type": "evidently.base_metric.ColumnName", "name": "fare_amount", "display_name": "fare_amount", "dataset": "main"}, "quantile": 0.5}], "metric_results": [{"type": "evidently.metrics.data_quality.dataset_correlations_metric.DatasetCorrelationsMetricResult", "current": {"type": "evidently.metrics.data_quality.dataset_correlations_metric.DatasetCorrelation", "correlation": {"pearson": {"passenger_count": {"passenger_count": 1.0, "trip_distance": 0.004040726986375272, "fare_amount": -0.018684010738738027, "total_amount": -0.013467711122780952}, "trip_distance": {"passenger_count": 0.004040726986375272, "trip_distance": 1.0, "fare_amount": 0.7404579563707814, "total_amount": 0.7641414867778077}, "fare_amount": {"passenger_count": -0.018684010738738027, "trip_distance": 0.7404579563707814, "fare_amount": 1.0, "total_amount": 0.9632677552313259}, "total_amount": {"passenger_count": -0.013467711122780952, "trip_distance": 0.7641414867778077, "fare_amount": 0.9632677552313259, "total_amount": 1.0}}, "spearman": {"passenger_count": {"passenger_count": 1.0, "trip_distance": 0.005208983671618404, "fare_amount": -0.0043662369799628425, "total_amount": -0.008036313805069186}, "trip_distance": {"passenger_count": 0.005208983671618404, "trip_distance": 1.0, "fare_amount": 0.8088878901008791, "total_amount": 0.7760695880261055}, "fare_amount": {"passenger_count": -0.0043662369799628425, "trip_distance": 0.8088878901008791, "fare_amount": 1.0, "total_amount": 0.9329036137960018}, "total_amount": {"passenger_count": -0.008036313805069186, "trip_distance": 0.7760695880261055, "fare_amount": 0.9329036137960018, "total_amount": 1.0}}, "kendall": {"passenger_count": {"passenger_count": 1.0, "trip_distance": 0.0042164866095725975, "fare_amount": -0.003518152301191983, "total_amount": -0.0064806203744255395}, "trip_distance": {"passenger_count": 0.0042164866095725975, "trip_distance": 1.0, "fare_amount": 0.714311161048238, "total_amount": 0.6318899349087764}, "fare_amount": {"passenger_count": -0.003518152301191983, "trip_distance": 0.714311161048238, "fare_amount": 1.0, "total_amount": 0.7918242525502437}, "total_amount": {"passenger_count": -0.0064806203744255395, "trip_distance": 0.6318899349087764, "fare_amount": 0.7918242525502437, "total_amount": 1.0}}, "cramer_v": {"PULocationID": {"PULocationID": 1.0, "DOLocationID": 0.5410818623353876}, "DOLocationID": {"PULocationID": 0.5410818623353876, "DOLocationID": 1.0}}}, "stats": {"pearson": {"type": "evidently.metrics.data_quality.dataset_correlations_metric.CorrelationStats", "target_prediction_correlation": null, "abs_max_target_features_correlation": null, "abs_max_prediction_features_correlation": null, "abs_max_correlation": 0.9632677552313259, "abs_max_features_correlation": 0.9632677552313259}, "spearman": {"type": "evidently.metrics.data_quality.dataset_correlations_metric.CorrelationStats", "target_prediction_correlation": null, "abs_max_target_features_correlation": null, "abs_max_prediction_features_correlation": null, "abs_max_correlation": 0.9329036137960018, "abs_max_features_correlation": 0.9329036137960018}, "kendall": {"type": "evidently.metrics.data_quality.dataset_correlations_metric.CorrelationStats", "target_prediction_correlation": null, "abs_max_target_features_correlation": null, "abs_max_prediction_features_correlation": null, "abs_max_correlation": 0.7918242525502437, "abs_max_features_correlation": 0.7918242525502437}, "cramer_v": {"type": "evidently.metrics.data_quality.dataset_correlations_metric.CorrelationStats", "target_prediction_correlation": null, "abs_max_target_features_correlation": null, "abs_max_prediction_features_correlation": null, "abs_max_correlation": 0.5410818623353876, "abs_max_features_correlation": 0.5410818623353876}}, "correlations_calculate": {"pearson": {"passenger_count": {"passenger_count": 1.0, "trip_distance": 0.004040726986375272, "fare_amount": -0.018684010738738027, "total_amount": -0.013467711122780952}, "trip_distance": {"passenger_count": 0.004040726986375272, "trip_distance": 1.0, "fare_amount": 0.7404579563707814, "total_amount": 0.7641414867778077}, "fare_amount": {"passenger_count": -0.018684010738738027, "trip_distance": 0.7404579563707814, "fare_amount": 1.0, "total_amount": 0.9632677552313259}, "total_amount": {"passenger_count": -0.013467711122780952, "trip_distance": 0.7641414867778077, "fare_amount": 0.9632677552313259, "total_amount": 1.0}}, "spearman": {"passenger_count": {"passenger_count": 1.0, "trip_distance": 0.005208983671618404, "fare_amount": -0.0043662369799628425, "total_amount": -0.008036313805069186}, "trip_distance": {"passenger_count": 0.005208983671618404, "trip_distance": 1.0, "fare_amount": 0.8088878901008791, "total_amount": 0.7760695880261055}, "fare_amount": {"passenger_count": -0.0043662369799628425, "trip_distance": 0.8088878901008791, "fare_amount": 1.0, "total_amount": 0.9329036137960018}, "total_amount": {"passenger_count": -0.008036313805069186, "trip_distance": 0.7760695880261055, "fare_amount": 0.9329036137960018, "total_amount": 1.0}}, "kendall": {"passenger_count": {"passenger_count": 1.0, "trip_distance": 0.0042164866095725975, "fare_amount": -0.003518152301191983, "total_amount": -0.0064806203744255395}, "trip_distance": {"passenger_count": 0.0042164866095725975, "trip_distance": 1.0, "fare_amount": 0.714311161048238, "total_amount": 0.6318899349087764}, "fare_amount": {"passenger_count": -0.003518152301191983, "trip_distance": 0.714311161048238, "fare_amount": 1.0, "total_amount": 0.7918242525502437}, "total_amount": {"passenger_count": -0.0064806203744255395, "trip_distance": 0.6318899349087764, "fare_amount": 0.7918242525502437, "total_amount": 1.0}}, "cramer_v": {"PULocationID": {"PULocationID": 1.0, "DOLocationID": 0.5410818623353876}, "DOLocationID": {"PULocationID": 0.5410818623353876, "DOLocationID": 1.0}}}}, "reference": null, "target_correlation": null}, {"type": "evidently.metrics.data_quality.column_quantile_metric.ColumnQuantileMetricResult", "column_name": "fare_amount", "column_type": "num", "quantile": 0.5, "current": {"type": "evidently.metrics.data_quality.column_quantile_metric.QuantileStats", "value": 12.8, "distribution": {"type": "evidently.metric_results.Distribution", "x": [-8.6, 4.747368421052631, 18.094736842105263, 31.44210526315789, 44.78947368421052, 58.13684210526315, 71.48421052631579, 84.83157894736841, 98.17894736842105, 111.52631578947368, 124.8736842105263, 138.22105263157894, 151.56842105263158, 164.9157894736842, 178.26315789473682, 191.61052631578946, 204.9578947368421, 218.30526315789473, 231.65263157894736, 245.0], "y": [58, 1552, 409, 107, 30, 10, 1, 2, 2, 2, 0, 0, 0, 0, 0, 0, 0, 0, 1]}}, "reference": null}], "tests": [], "test_results": [], "options": {"color": null, "render": null, "custom": {}, "data_definition": null}, "data_definition": {"columns": {"passenger_count": {"column_name": "passenger_count", "column_type": "num"}, "trip_distance": {"column_name": "trip_distance", "column_type": "num"}, "fare_amount": {"column_name": "fare_amount", "column_type": "num"}, "total_amount": {"column_name": "total_amount", "column_type": "num"}, "PULocationID": {"column_name": "PULocationID", "column_type": "cat"}, "DOLocationID": {"column_name": "DOLocationID", "column_type": "cat"}, "lpep_pickup_datetime": {"column_name": "lpep_pickup_datetime", "column_type": "datetime"}, "lpep_dropoff_datetime": {"column_name": "lpep_dropoff_datetime", "column_type": "datetime"}},