{"id": "b2b10268-81cb-45c2-b9a0-9f932a7d9a48", "name": null, "timestamp": "2024-03-25T00:00:00", "metadata": {}, "tags": [], "suite": {"metrics": [{"type": "evidently.metrics.data_quality.dataset_correlations_metric.DatasetCorrelationsMetric", "options": {"color": null, "render": null, "custom": {}, "data_definition": null}}, {"type": "evidently.metrics.data_quality.column_quantile_metric.ColumnQuantileMetric", "options": {"color": null, "render": null, "custom": {}, "data_definition": null}, "column_name": {"type": "evidently.base_metric.ColumnName", "name": "fare_amount", "display_name": "fare_amount", "dataset": "main"}, "quantile": 0.5}], "metric_results": [{"type": "evidently.metrics.data_quality.dataset_correlations_metric.DatasetCorrelationsMetricResult", "current": {"type": "evidently.metrics.data_quality.dataset_correlations_metric.DatasetCorrelation", "correlation": {"pearson": {"passenger_count": {"passenger_count": 1.0, "trip_distance": 0.03365568072606714, "fare_amount": 0.004949782900794859, "total_amount": 0.021529433722642443}, "trip_distance": {"passenger_count": 0.03365568072606714, "trip_distance": 1.0, "fare_amount": 0.8247539051902983, "total_amount": 0.8414003344343576}, "fare_amount": {"passenger_count": 0.004949782900794859, "trip_distance": 0.8247539051902983, "fare_amount": 1.0, "total_amount": 0.9609256431375051}, "total_amount": {"passenger_count": 0.021529433722642443, "trip_distance": 0.8414003344343576, "fare_amount": 0.9609256431375051, "total_amount": 1.0}}, "spearman": {"passenger_count": {"passenger_count": 1.0, "trip_distance": 0.047768713648842, "fare_amount": 0.010152247601956073, "total_amount": 0.022731068568524523}, "trip_distance": {"passenger_count": 0.047768713648842, "trip_distance": 1.0, "fare_amount": 0.7704689698186891, "total_amount": 0.7689344770516773}, "fare_amount": {"passenger_count": 0.010152247601956073, "trip_distance": 0.7704689698186891, "fare_amount": 1.0, "total_amount": 0.9400618718648696}, "total_amount": {"passenger_count": 0.022731068568524523, "trip_distance": 0.7689344770516773, "fare_amount": 0.9400618718648696, "total_amount": 1.0}}, "kendall": {"passenger_count": {"passenger_count": 1.0, "trip_distance": 0.03844121208708044, "fare_amount": 0.008129295723756688, "total_amount": 0.018249425096242007}, "trip_distance": {"passenger_count": 0.03844121208708044, "trip_distance": 1.0, "fare_amount": 0.6919046807253235, "total_amount": 0.6386243810581357}, "fare_amount": {"passenger_count": 0.008129295723756688, "trip_distance": 0.6919046807253235, "fare_amount": 1.0, "total_amount": 0.8023595442067146}, "total_amount": {"passenger_count": 0.018249425096242007, "trip_distance": 0.6386243810581357, "fare_amount": 0.8023595442067146, "total_amount": 1.0}}, "cramer_v": {"PULocationID": {"PULocationID": 1.0, "DOLocationID": 0.56128243543419}, "DOLocationID": {"PULocationID": 0.56128243543419, "DOLocationID": 1.0}}}, "stats": {"pearson": {"type": "evidently.metrics.data_quality.dataset_correlations_metric.CorrelationStats", "target_prediction_correlation": null, "abs_max_target_features_correlation": null, "abs_max_prediction_features_correlation": null, "abs_max_correlation": 0.9609256431375051, "abs_max_features_correlation": 0.9609256431375051}, "spearman": {"type": "evidently.metrics.data_quality.dataset_correlations_metric.CorrelationStats", "target_prediction_correlation": null, "abs_max_target_features_correlation": null, "abs_max_prediction_features_correlation": null, "abs_max_correlation": 0.9400618718648696, "abs_max_features_correlation": 0.9400618718648696}, "kendall": {"type": "evidently.metrics.data_quality.dataset_correlations_metric.CorrelationStats", "target_prediction_correlation": null, "abs_max_target_features_correlation": null, "abs_max_prediction_features_correlation": null, "abs_max_correlation": 0.8023595442067146, "abs_max_features_correlation": 0.8023595442067146}, "cramer_v": {"type": "evidently.metrics.data_quality.dataset_correlations_metric.CorrelationStats", "target_prediction_correlation": null, "abs_max_target_features_correlation": null, "abs_max_prediction_features_correlation": null, "abs_max_correlation": 0.56128243543419, "abs_max_features_correlation": 0.56128243543419}}, "correlations_calculate": {"pearson": {"passenger_count": {"passenger_count": 1.0, "trip_distance": 0.03365568072606714, "fare_amount": 0.004949782900794859, "total_amount": 0.021529433722642443}, "trip_distance": {"passenger_count": 0.03365568072606714, "trip_distance": 1.0, "fare_amount": 0.8247539051902983, "total_amount": 0.8414003344343576}, "fare_amount": {"passenger_count": 0.004949782900794859, "trip_distance": 0.8247539051902983, "fare_amount": 1.0, "total_amount": 0.9609256431375051}, "total_amount": {"passenger_count": 0.021529433722642443, "trip_distance": 0.8414003344343576, "fare_amount": 0.9609256431375051, "total_amount": 1.0}}, "spearman": {"passenger_count": {"passenger_count": 1.0, "trip_distance": 0.047768713648842, "fare_amount": 0.010152247601956073, "total_amount": 0.022731068568524523}, "trip_distance": {"passenger_count": 0.047768713648842, "trip_distance": 1.0, "fare_amount": 0.7704689698186891, "total_amount": 0.7689344770516773}, "fare_amount": {"passenger_count": 0.010152247601956073, "trip_distance": 0.7704689698186891, "fare_amount": 1.0, "total_amount": 0.9400618718648696}, "total_amount": {"passenger_count": 0.022731068568524523, "trip_distance": 0.7689344770516773, "fare_amount": 0.9400618718648696, "total_amount": 1.0}}, "kendall": {"passenger_count": {"passenger_count": 1.0, "trip_distance": 0.03844121208708044, "fare_amount": 0.008129295723756688, "total_amount": 0.018249425096242007}, "trip_distance": {"passenger_count": 0.03844121208708044, "trip_distance": 1.0, "fare_amount": 0.6919046807253235, "total_amount": 0.6386243810581357}, "fare_amount": {"passenger_count": 0.008129295723756688, "trip_distance": 0.6919046807253235, "fare_amount": 1.0, "total_amount": 0.8023595442067146}, "total_amount": {"passenger_count": 0.018249425096242007, "trip_distance": 0.6386243810581357, "fare_amount": 0.8023595442067146, "total_amount": 1.0}}, "cramer_v": {"PULocationID": {"PULocationID": 1.0, "DOLocationID": 0.56128243543419}, "DOLocationID": {"PULocationID": 0.56128243543419, "DOLocationID": 1.0}}}}, "reference": null, "target_correlation": null}, {"type": "evidently.metrics.data_quality.column_quantile_metric.ColumnQuantileMetricResult", "column_name": "fare_amount", "column_type": "num", "quantile": 0.5, "current": {"type": "evidently.metrics.data_quality.column_quantile_metric.QuantileStats", "value": 13.5, "distribution": {"type": "evidently.metric_results.Distribution", "x": [-3.0, 3.3611111111111107, 9.722222222222221, 16.083333333333332, 22.444444444444443, 28.805555555555554, 35.166666666666664, 41.52777777777777, 47.888888888888886, 54.25, 60.61111111111111, 66.97222222222221, 73.33333333333333, 79.69444444444444, 86.05555555555554, 92.41666666666666, 98.77777777777777, 105.13888888888889, 111.5], "y": [25, 404, 630, 327, 119, 88, 54, 22, 15, 3, 3, 2, 1, 4, 0, 2, 0, 3]}}, "reference": null}], "tests": [], "test_results": [], "options": {"color": null, "render": null, "custom": {}, "data_definition": null}, "data_definition": {"columns": {"passenger_count": {"column_name": "passenger_count", "column_type": "num"}, "trip_distance": {"column_name": "trip_distance", "column_type": "num"}, "fare_amount": {"column_name": "fare_amount", "column_type": "num"}, "total_amount": {"column_name": "total_amount", "column_type": "num"}, "PULocationID": {"column_name": "PULocationID", "column_type": "cat"}, "DOLocationID": {"column_name": "DOLocationID", "column_type": "cat"}, "lpep_pickup_datetime": {"column_name": "lpep_pickup_datetime", "column_type": "datetime"}, "lpep_dropoff_datetime": {"column_name": "lpep_dropoff_datetime", "column_type": "datetime"}}, "target": null, "prediction_columns": null, "id_column": null, "datetime_column": null,