{"id": "da3f7518-78ef-4eba-8b05-4336e0ed901b", "name": null, "timestamp": "2024-03-27T00:00:00", "metadata": {}, "tags": [], "suite": {"metrics": [{"type": "evidently.metrics.data_quality.dataset_correlations_metric.DatasetCorrelationsMetric", "options": {"color": null, "render": null, "custom": {}, "data_definition": null}}, {"type": "evidently.metrics.data_quality.column_quantile_metric.ColumnQuantileMetric", "options": {"color": null, "render": null, "custom": {}, "data_definition": null}, "column_name": {"type": "evidently.base_metric.ColumnName", "name": "fare_amount", "display_name": "fare_amount", "dataset": "main"}, "quantile": 0.5}], "metric_results": [{"type": "evidently.metrics.data_quality.dataset_correlations_metric.DatasetCorrelationsMetricResult", "current": {"type": "evidently.metrics.data_quality.dataset_correlations_metric.DatasetCorrelation", "correlation": {"pearson": {"passenger_count": {"passenger_count": 1.0, "trip_distance": 0.0032301662354671406, "fare_amount": 0.008176289024098048, "total_amount": 0.0060309545222804245}, "trip_distance": {"passenger_count": 0.0032301662354671406, "trip_distance": 1.0, "fare_amount": 0.7252802569837453, "total_amount": 0.7677828809934141}, "fare_amount": {"passenger_count": 0.008176289024098048, "trip_distance": 0.7252802569837453, "fare_amount": 1.0, "total_amount": 0.9689667992259849}, "total_amount": {"passenger_count": 0.0060309545222804245, "trip_distance": 0.7677828809934141, "fare_amount": 0.9689667992259849, "total_amount": 1.0}}, "spearman": {"passenger_count": {"passenger_count": 1.0, "trip_distance": 0.03013736778698505, "fare_amount": 0.003935834154638253, "total_amount": 0.010313548044398699}, "trip_distance": {"passenger_count": 0.03013736778698505, "trip_distance": 1.0, "fare_amount": 0.7768178498474614, "total_amount": 0.7665148521064691}, "fare_amount": {"passenger_count": 0.003935834154638253, "trip_distance": 0.7768178498474614, "fare_amount": 1.0, "total_amount": 0.9393481513934461}, "total_amount": {"passenger_count": 0.010313548044398699, "trip_distance": 0.7665148521064691, "fare_amount": 0.9393481513934461, "total_amount": 1.0}}, "kendall": {"passenger_count": {"passenger_count": 1.0, "trip_distance": 0.024039476216414023, "fare_amount": 0.003174347269731483, "total_amount": 0.008291737069304413}, "trip_distance": {"passenger_count": 0.024039476216414023, "trip_distance": 1.0, "fare_amount": 0.694732185163979, "total_amount": 0.6341381490175463}, "fare_amount": {"passenger_count": 0.003174347269731483, "trip_distance": 0.694732185163979, "fare_amount": 1.0, "total_amount": 0.8011122555093622}, "total_amount": {"passenger_count": 0.008291737069304413, "trip_distance": 0.6341381490175463, "fare_amount": 0.8011122555093622, "total_amount": 1.0}}, "cramer_v": {"PULocationID": {"PULocationID": 1.0, "DOLocationID": 0.542199036155959}, "DOLocationID": {"PULocationID": 0.542199036155959, "DOLocationID": 1.0}}}, "stats": {"pearson": {"type": "evidently.metrics.data_quality.dataset_correlations_metric.CorrelationStats", "target_prediction_correlation": null, "abs_max_target_features_correlation": null, "abs_max_prediction_features_correlation": null, "abs_max_correlation": 0.9689667992259849, "abs_max_features_correlation": 0.9689667992259849}, "spearman": {"type": "evidently.metrics.data_quality.dataset_correlations_metric.CorrelationStats", "target_prediction_correlation": null, "abs_max_target_features_correlation": null, "abs_max_prediction_features_correlation": null, "abs_max_correlation": 0.9393481513934461, "abs_max_features_correlation": 0.9393481513934461}, "kendall": {"type": "evidently.metrics.data_quality.dataset_correlations_metric.CorrelationStats", "target_prediction_correlation": null, "abs_max_target_features_correlation": null, "abs_max_prediction_features_correlation": null, "abs_max_correlation": 0.8011122555093622, "abs_max_features_correlation": 0.8011122555093622}, "cramer_v": {"type": "evidently.metrics.data_quality.dataset_correlations_metric.CorrelationStats", "target_prediction_correlation": null, "abs_max_target_features_correlation": null, "abs_max_prediction_features_correlation": null, "abs_max_correlation": 0.542199036155959, "abs_max_features_correlation": 0.542199036155959}}, "correlations_calculate": {"pearson": {"passenger_count": {"passenger_count": 1.0, "trip_distance": 0.0032301662354671406, "fare_amount": 0.008176289024098048, "total_amount": 0.0060309545222804245}, "trip_distance": {"passenger_count": 0.0032301662354671406, "trip_distance": 1.0, "fare_amount": 0.7252802569837453, "total_amount": 0.7677828809934141}, "fare_amount": {"passenger_count": 0.008176289024098048, "trip_distance": 0.7252802569837453, "fare_amount": 1.0, "total_amount": 0.9689667992259849}, "total_amount": {"passenger_count": 0.0060309545222804245, "trip_distance": 0.7677828809934141, "fare_amount": 0.9689667992259849, "total_amount": 1.0}}, "spearman": {"passenger_count": {"passenger_count": 1.0, "trip_distance": 0.03013736778698505, "fare_amount": 0.003935834154638253, "total_amount": 0.010313548044398699}, "trip_distance": {"passenger_count": 0.03013736778698505, "trip_distance": 1.0, "fare_amount": 0.7768178498474614, "total_amount": 0.7665148521064691}, "fare_amount": {"passenger_count": 0.003935834154638253, "trip_distance": 0.7768178498474614, "fare_amount": 1.0, "total_amount": 0.9393481513934461}, "total_amount": {"passenger_count": 0.010313548044398699, "trip_distance": 0.7665148521064691, "fare_amount": 0.9393481513934461, "total_amount": 1.0}}, "kendall": {"passenger_count": {"passenger_count": 1.0, "trip_distance": 0.024039476216414023, "fare_amount": 0.003174347269731483, "total_amount": 0.008291737069304413}, "trip_distance": {"passenger_count": 0.024039476216414023, "trip_distance": 1.0, "fare_amount": 0.694732185163979, "total_amount": 0.6341381490175463}, "fare_amount": {"passenger_count": 0.003174347269731483, "trip_distance": 0.694732185163979, "fare_amount": 1.0, "total_amount": 0.8011122555093622}, "total_amount": {"passenger_count": 0.008291737069304413, "trip_distance": 0.6341381490175463, "fare_amount": 0.8011122555093622, "total_amount": 1.0}}, "cramer_v": {"PULocationID": {"PULocationID": 1.0, "DOLocationID": 0.542199036155959}, "DOLocationID": {"PULocationID": 0.542199036155959, "DOLocationID": 1.0}}}}, "reference": null, "target_correlation": null}, {"type": "evidently.metrics.data_quality.column_quantile_metric.ColumnQuantileMetricResult", "column_name": "fare_amount", "column_type": "num", "quantile": 0.5, "current": {"type": "evidently.metrics.data_quality.column_quantile_metric.QuantileStats", "value": 12.8, "distribution": {"type": "evidently.metric_results.Distribution", "x": [-32.0, -15.45, 1.1000000000000014, 17.650000000000006, 34.2, 50.75, 67.30000000000001, 83.85000000000001, 100.4, 116.95000000000002, 133.5, 150.05, 166.60000000000002, 183.15, 199.70000000000002, 216.25, 232.8, 249.35000000000002, 265.90000000000003, 282.45, 299.0], "y": [1, 5, 1330, 462, 102, 24, 12, 0, 0, 0, 0, 0, 0, 0, 0, 1, 0, 0, 0, 1]}}, "reference": null}], "tests": [], "test_results": [], "options": {"color": null, "render": null, "custom": {}, "data_definition": null}, "data_definition": {"columns": {"passenger_count": {"column_name": "passenger_count", "column_type": "num"}, "trip_distance": {"column_name": "trip_distance", "column_type": "num"}, "fare_amount": {"column_name": "fare_amount", "column_type": "num"}, "total_amount": {"column_name": "total_amount", "column_type": "num"}, "PULocationID": {"column_name": "PULocationID", "column_type": "cat"}, "DOLocationID": {"column_name": "DOLocationID", "column_type": "cat"}, "lpep_pickup_datetime": {"column_name": "lpep_pickup_datetime", "column_type": "datetime"}, "lpep_dropoff_datetime": {"column_name": "lpep_dropoff_datetime", "column_type": "datetime"}}, "target": null, "prediction_columns": null, "id_column": null, "datetime_column": null, "embeddings": null, "user_id": null, "item_id": null,