{"id": "f15e25a9-4496-4f8d-8eac-a2e6c28dbfd1", "name": null, "timestamp": "2024-03-29T00:00:00", "metadata": {}, "tags": [], "suite": {"metrics": [{"type": "evidently.metrics.data_quality.dataset_correlations_metric.DatasetCorrelationsMetric", "options": {"color": null, "render": null, "custom": {}, "data_definition": null}}, {"type": "evidently.metrics.data_quality.column_quantile_metric.ColumnQuantileMetric", "options": {"color": null, "render": null, "custom": {}, "data_definition": null}, "column_name": {"type": "evidently.base_metric.ColumnName", "name": "fare_amount", "display_name": "fare_amount", "dataset": "main"}, "quantile": 0.5}], "metric_results": [{"type": "evidently.metrics.data_quality.dataset_correlations_metric.DatasetCorrelationsMetricResult", "current": {"type": "evidently.metrics.data_quality.dataset_correlations_metric.DatasetCorrelation", "correlation": {"pearson": {"passenger_count": {"passenger_count": 1.0, "trip_distance": 0.0032488699707887442, "fare_amount": 0.00303461875105667, "total_amount": 0.011393310315433105}, "trip_distance": {"passenger_count": 0.0032488699707887442, "trip_distance": 1.0, "fare_amount": 0.778220630088429, "total_amount": 0.786977417476782}, "fare_amount": {"passenger_count": 0.00303461875105667, "trip_distance": 0.778220630088429, "fare_amount": 1.0, "total_amount": 0.9706283752925801}, "total_amount": {"passenger_count": 0.011393310315433105, "trip_distance": 0.786977417476782, "fare_amount": 0.9706283752925801, "total_amount": 1.0}}, "spearman": {"passenger_count": {"passenger_count": 1.0, "trip_distance": 0.022446107626588396, "fare_amount": 0.018994376220584874, "total_amount": 0.017839281806318535}, "trip_distance": {"passenger_count": 0.022446107626588396, "trip_distance": 1.0, "fare_amount": 0.7831644883269105, "total_amount": 0.7820030438814358}, "fare_amount": {"passenger_count": 0.018994376220584874, "trip_distance": 0.7831644883269105, "fare_amount": 1.0, "total_amount": 0.9468738700399022}, "total_amount": {"passenger_count": 0.017839281806318535, "trip_distance": 0.7820030438814358, "fare_amount": 0.9468738700399022, "total_amount": 1.0}}, "kendall": {"passenger_count": {"passenger_count": 1.0, "trip_distance": 0.017833223977621684, "fare_amount": 0.015212637486087144, "total_amount": 0.014239232419758066}, "trip_distance": {"passenger_count": 0.017833223977621684, "trip_distance": 1.0, "fare_amount": 0.703835203690881, "total_amount": 0.6543913868813448}, "fare_amount": {"passenger_count": 0.015212637486087144, "trip_distance": 0.703835203690881, "fare_amount": 1.0, "total_amount": 0.813582841083381}, "total_amount": {"passenger_count": 0.014239232419758066, "trip_distance": 0.6543913868813448, "fare_amount": 0.813582841083381, "total_amount": 1.0}}, "cramer_v": {"PULocationID": {"PULocationID": 1.0, "DOLocationID": 0.5074575838369343}, "DOLocationID": {"PULocationID": 0.5074575838369343, "DOLocationID": 1.0}}}, "stats": {"pearson": {"type": "evidently.metrics.data_quality.dataset_correlations_metric.CorrelationStats", "target_prediction_correlation": null, "abs_max_target_features_correlation": null, "abs_max_prediction_features_correlation": null, "abs_max_correlation": 0.9706283752925801, "abs_max_features_correlation": 0.9706283752925801}, "spearman": {"type": "evidently.metrics.data_quality.dataset_correlations_metric.CorrelationStats", "target_prediction_correlation": null, "abs_max_target_features_correlation": null, "abs_max_prediction_features_correlation": null, "abs_max_correlation": 0.9468738700399022, "abs_max_features_correlation": 0.9468738700399022}, "kendall": {"type": "evidently.metrics.data_quality.dataset_correlations_metric.CorrelationStats", "target_prediction_correlation": null, "abs_max_target_features_correlation": null, "abs_max_prediction_features_correlation": null, "abs_max_correlation": 0.813582841083381, "abs_max_features_correlation": 0.813582841083381}, "cramer_v": {"type": "evidently.metrics.data_quality.dataset_correlations_metric.CorrelationStats", "target_prediction_correlation": null, "abs_max_target_features_correlation": null, "abs_max_prediction_features_correlation": null, "abs_max_correlation": 0.5074575838369343, "abs_max_features_correlation": 0.5074575838369343}}, "correlations_calculate": {"pearson": {"passenger_count": {"passenger_count": 1.0, "trip_distance": 0.0032488699707887442, "fare_amount": 0.00303461875105667, "total_amount": 0.011393310315433105}, "trip_distance": {"passenger_count": 0.0032488699707887442, "trip_distance": 1.0, "fare_amount": 0.778220630088429, "total_amount": 0.786977417476782}, "fare_amount": {"passenger_count": 0.00303461875105667, "trip_distance": 0.778220630088429, "fare_amount": 1.0, "total_amount": 0.9706283752925801}, "total_amount": {"passenger_count": 0.011393310315433105, "trip_distance": 0.786977417476782, "fare_amount": 0.9706283752925801, "total_amount": 1.0}}, "spearman": {"passenger_count": {"passenger_count": 1.0, "trip_distance": 0.022446107626588396, "fare_amount": 0.018994376220584874, "total_amount": 0.017839281806318535}, "trip_distance": {"passenger_count": 0.022446107626588396, "trip_distance": 1.0, "fare_amount": 0.7831644883269105, "total_amount": 0.7820030438814358}, "fare_amount": {"passenger_count": 0.018994376220584874, "trip_distance": 0.7831644883269105, "fare_amount": 1.0, "total_amount": 0.9468738700399022}, "total_amount": {"passenger_count": 0.017839281806318535, "trip_distance": 0.7820030438814358, "fare_amount": 0.9468738700399022, "total_amount": 1.0}}, "kendall": {"passenger_count": {"passenger_count": 1.0, "trip_distance": 0.017833223977621684, "fare_amount": 0.015212637486087144, "total_amount": 0.014239232419758066}, "trip_distance": {"passenger_count": 0.017833223977621684, "trip_distance": 1.0, "fare_amount": 0.703835203690881, "total_amount": 0.6543913868813448}, "fare_amount": {"passenger_count": 0.015212637486087144, "trip_distance": 0.703835203690881, "fare_amount": 1.0, "total_amount": 0.813582841083381}, "total_amount": {"passenger_count": 0.014239232419758066, "trip_distance": 0.6543913868813448, "fare_amount": 0.813582841083381, "total_amount": 1.0}}, "cramer_v": {"PULocationID": {"PULocationID": 1.0, "DOLocationID": 0.5074575838369343}, "DOLocationID": {"PULocationID": 0.5074575838369343, "DOLocationID": 1.0}}}}, "reference": null, "target_correlation": null}, {"type": "evidently.metrics.data_quality.column_quantile_metric.ColumnQuantileMetricResult", "column_name": "fare_amount", "column_type": "num", "quantile": 0.5, "current": {"type": "evidently.metrics.data_quality.column_quantile_metric.QuantileStats", "value": 12.8, "distribution": {"type": "evidently.metric_results.Distribution", "x": [-34.0, -23.77777777777778, -13.555555555555557, -3.3333333333333357, 6.888888888888886, 17.111111111111107, 27.33333333333333, 37.55555555555554, 47.77777777777777, 58.0, 68.22222222222221, 78.44444444444443, 88.66666666666666, 98.88888888888889, 109.11111111111109, 119.33333333333331, 129.55555555555554, 139.77777777777777, 150.0], "y": [1, 1, 4, 150, 1021, 332, 136, 41, 21, 10, 10, 2, 1, 1, 0, 1, 1, 1]}}, "reference": null}], "tests": [], "test_results": [], "options": {"color": null, "render": null, "custom": {}, "data_definition": null}, "data_definition": {"columns": {"passenger_count": {"column_name": "passenger_count", "column_type": "num"}, "trip_distance": {"column_name": "trip_distance", "column_type": "num"}, "fare_amount": {"column_name": "fare_amount", "column_type": "num"}, "total_amount": {"column_name": "total_amount", "column_type": "num"}, "PULocationID": {"column_name": "PULocationID", "column_type": "cat"}, "DOLocationID": {"column_name": "DOLocationID", "column_type": "cat"}, "lpep_pickup_datetime": {"column_name": "lpep_pickup_datetime", "column_type": "datetime"}, "lpep_dropoff_datetime": {"column_name": "lpep_dropoff_datetime", "column_type": "datetime"}}, "target": null, "prediction_columns": null, "id_column": null, "datetime_column": null,