{"id": "f98f43d7-3d4a-4136-bb75-b9c3689d85dc", "name": null, "timestamp": "2024-03-24T00:00:00", "metadata": {}, "tags": [], "suite": {"metrics": [{"type": "evidently.metrics.data_quality.dataset_correlations_metric.DatasetCorrelationsMetric", "options": {"color": null, "render": null, "custom": {}, "data_definition": null}}, {"type": "evidently.metrics.data_quality.column_quantile_metric.ColumnQuantileMetric", "options": {"color": null, "render": null, "custom": {}, "data_definition": null}, "column_name": {"type": "evidently.base_metric.ColumnName", "name": "fare_amount", "display_name": "fare_amount", "dataset": "main"}, "quantile": 0.5}], "metric_results": [{"type": "evidently.metrics.data_quality.dataset_correlations_metric.DatasetCorrelationsMetricResult", "current": {"type": "evidently.metrics.data_quality.dataset_correlations_metric.DatasetCorrelation", "correlation": {"pearson": {"passenger_count": {"passenger_count": 1.0, "trip_distance": -0.015975246697553284, "fare_amount": 0.00973057498775875, "total_amount": 0.018843239104476148}, "trip_distance": {"passenger_count": -0.015975246697553284, "trip_distance": 1.0, "fare_amount": 0.8116194301394355, "total_amount": 0.8148024118498752}, "fare_amount": {"passenger_count": 0.00973057498775875, "trip_distance": 0.8116194301394355, "fare_amount": 1.0, "total_amount": 0.9585779009263368}, "total_amount": {"passenger_count": 0.018843239104476148, "trip_distance": 0.8148024118498752, "fare_amount": 0.9585779009263368, "total_amount": 1.0}}, "spearman": {"passenger_count": {"passenger_count": 1.0, "trip_distance": 0.0019300020729108038, "fare_amount": 0.004774865990122633, "total_amount": 0.031250484124538826}, "trip_distance": {"passenger_count": 0.0019300020729108038, "trip_distance": 1.0, "fare_amount": 0.7553042157797801, "total_amount": 0.7649746583923172}, "fare_amount": {"passenger_count": 0.004774865990122633, "trip_distance": 0.7553042157797801, "fare_amount": 1.0, "total_amount": 0.9640366885502424}, "total_amount": {"passenger_count": 0.031250484124538826, "trip_distance": 0.7649746583923172, "fare_amount": 0.9640366885502424, "total_amount": 1.0}}, "kendall": {"passenger_count": {"passenger_count": 1.0, "trip_distance": 0.001419432267248767, "fare_amount": 0.003939944876100348, "total_amount": 0.025013224156056686}, "trip_distance": {"passenger_count": 0.001419432267248767, "trip_distance": 1.0, "fare_amount": 0.685940005874339, "total_amount": 0.6562002071379227}, "fare_amount": {"passenger_count": 0.003939944876100348, "trip_distance": 0.685940005874339, "fare_amount": 1.0, "total_amount": 0.8493045482068619}, "total_amount": {"passenger_count": 0.025013224156056686, "trip_distance": 0.6562002071379227, "fare_amount": 0.8493045482068619, "total_amount": 1.0}}, "cramer_v": {"PULocationID": {"PULocationID": 1.0, "DOLocationID": 0.5314740958626761}, "DOLocationID": {"PULocationID": 0.5314740958626761, "DOLocationID": 1.0}}}, "stats": {"pearson": {"type": "evidently.metrics.data_quality.dataset_correlations_metric.CorrelationStats", "target_prediction_correlation": null, "abs_max_target_features_correlation": null, "abs_max_prediction_features_correlation": null, "abs_max_correlation": 0.9585779009263368, "abs_max_features_correlation": 0.9585779009263368}, "spearman": {"type": "evidently.metrics.data_quality.dataset_correlations_metric.CorrelationStats", "target_prediction_correlation": null, "abs_max_target_features_correlation": null, "abs_max_prediction_features_correlation": null, "abs_max_correlation": 0.9640366885502424, "abs_max_features_correlation": 0.9640366885502424}, "kendall": {"type": "evidently.metrics.data_quality.dataset_correlations_metric.CorrelationStats", "target_prediction_correlation": null, "abs_max_target_features_correlation": null, "abs_max_prediction_features_correlation": null, "abs_max_correlation": 0.8493045482068619, "abs_max_features_correlation": 0.8493045482068619}, "cramer_v": {"type": "evidently.metrics.data_quality.dataset_correlations_metric.CorrelationStats", "target_prediction_correlation": null, "abs_max_target_features_correlation": null, "abs_max_prediction_features_correlation": null, "abs_max_correlation": 0.5314740958626761, "abs_max_features_correlation": 0.5314740958626761}}, "correlations_calculate": {"pearson": {"passenger_count": {"passenger_count": 1.0, "trip_distance": -0.015975246697553284, "fare_amount": 0.00973057498775875, "total_amount": 0.018843239104476148}, "trip_distance": {"passenger_count": -0.015975246697553284, "trip_distance": 1.0, "fare_amount": 0.8116194301394355, "total_amount": 0.8148024118498752}, "fare_amount": {"passenger_count": 0.00973057498775875, "trip_distance": 0.8116194301394355, "fare_amount": 1.0, "total_amount": 0.9585779009263368}, "total_amount": {"passenger_count": 0.018843239104476148, "trip_distance": 0.8148024118498752, "fare_amount": 0.9585779009263368, "total_amount": 1.0}}, "spearman": {"passenger_count": {"passenger_count": 1.0, "trip_distance": 0.0019300020729108038, "fare_amount": 0.004774865990122633, "total_amount": 0.031250484124538826}, "trip_distance": {"passenger_count": 0.0019300020729108038, "trip_distance": 1.0, "fare_amount": 0.7553042157797801, "total_amount": 0.7649746583923172}, "fare_amount": {"passenger_count": 0.004774865990122633, "trip_distance": 0.7553042157797801, "fare_amount": 1.0, "total_amount": 0.9640366885502424}, "total_amount": {"passenger_count": 0.031250484124538826, "trip_distance": 0.7649746583923172, "fare_amount": 0.9640366885502424, "total_amount": 1.0}}, "kendall": {"passenger_count": {"passenger_count": 1.0, "trip_distance": 0.001419432267248767, "fare_amount": 0.003939944876100348, "total_amount": 0.025013224156056686}, "trip_distance": {"passenger_count": 0.001419432267248767, "trip_distance": 1.0, "fare_amount": 0.685940005874339, "total_amount": 0.6562002071379227}, "fare_amount": {"passenger_count": 0.003939944876100348, "trip_distance": 0.685940005874339, "fare_amount": 1.0, "total_amount": 0.8493045482068619}, "total_amount": {"passenger_count": 0.025013224156056686, "trip_distance": 0.6562002071379227, "fare_amount": 0.8493045482068619, "total_amount": 1.0}}, "cramer_v": {"PULocationID": {"PULocationID": 1.0, "DOLocationID": 0.5314740958626761}, "DOLocationID": {"PULocationID": 0.5314740958626761, "DOLocationID": 1.0}}}}, "reference": null, "target_correlation": null}, {"type": "evidently.metrics.data_quality.column_quantile_metric.ColumnQuantileMetricResult", "column_name": "fare_amount", "column_type": "num", "quantile": 0.5, "current": {"type": "evidently.metrics.data_quality.column_quantile_metric.QuantileStats", "value": 14.015, "distribution": {"type": "evidently.metric_results.Distribution", "x": [-3.0, 10.672222222222222, 24.344444444444445, 38.016666666666666, 51.68888888888889, 65.36111111111111, 79.03333333333333, 92.70555555555556, 106.37777777777778, 120.05, 133.72222222222223, 147.39444444444445, 161.06666666666666, 174.73888888888888, 188.41111111111113, 202.08333333333334, 215.75555555555556, 229.42777777777778, 243.1], "y": [375, 673, 150, 55, 23, 12, 2, 0, 3, 2, 0, 0, 0, 0, 0, 0, 0, 1]}}, "reference": null}], "tests": [], "test_results": [], "options": {"color": null, "render": null, "custom": {}, "data_definition": null}, "data_definition": {"columns": {"passenger_count": {"column_name": "passenger_count", "column_type": "num"}, "trip_distance": {"column_name": "trip_distance", "column_type": "num"}, "fare_amount": {"column_name": "fare_amount", "column_type": "num"}, "total_amount": {"column_name": "total_amount", "column_type": "num"}, "PULocationID": {"column_name": "PULocationID", "column_type": "cat"}, "DOLocationID": {"column_name": "DOLocationID", "column_type": "cat"}, "lpep_pickup_datetime": {"column_name": "lpep_pickup_datetime", "column_type": "datetime"}, "lpep_dropoff_datetime": {"column_name": "lpep_dropoff_datetime", "column_type": "datetime"}}, "target": null, "prediction_columns": null, "id_column": null,