{"id": "fc456577-9204-4e86-9d89-7620e146b3a4", "name": null, "timestamp": "2024-03-20T00:00:00", "metadata": {}, "tags": [], "suite": {"metrics": [{"type": "evidently.metrics.data_quality.dataset_correlations_metric.DatasetCorrelationsMetric", "options": {"color": null, "render": null, "custom": {}, "data_definition": null}}, {"type": "evidently.metrics.data_quality.column_quantile_metric.ColumnQuantileMetric", "options": {"color": null, "render": null, "custom": {}, "data_definition": null}, "column_name": {"type": "evidently.base_metric.ColumnName", "name": "fare_amount", "display_name": "fare_amount", "dataset": "main"}, "quantile": 0.5}], "metric_results": [{"type": "evidently.metrics.data_quality.dataset_correlations_metric.DatasetCorrelationsMetricResult", "current": {"type": "evidently.metrics.data_quality.dataset_correlations_metric.DatasetCorrelation", "correlation": {"pearson": {"passenger_count": {"passenger_count": 1.0, "trip_distance": -0.005295207729846366, "fare_amount": 0.005145480665181229, "total_amount": 0.015390447706856809}, "trip_distance": {"passenger_count": -0.005295207729846366, "trip_distance": 1.0, "fare_amount": 0.8388371253281365, "total_amount": 0.8414829378838119}, "fare_amount": {"passenger_count": 0.005145480665181229, "trip_distance": 0.8388371253281365, "fare_amount": 1.0, "total_amount": 0.9596181579454943}, "total_amount": {"passenger_count": 0.015390447706856809, "trip_distance": 0.8414829378838119, "fare_amount": 0.9596181579454943, "total_amount": 1.0}}, "spearman": {"passenger_count": {"passenger_count": 1.0, "trip_distance": 0.02776926777372535, "fare_amount": 0.014802943435008164, "total_amount": 0.028075557625497724}, "trip_distance": {"passenger_count": 0.02776926777372535, "trip_distance": 1.0, "fare_amount": 0.8128196102225203, "total_amount": 0.8018646594638226}, "fare_amount": {"passenger_count": 0.014802943435008164, "trip_distance": 0.8128196102225203, "fare_amount": 1.0, "total_amount": 0.9450358776455468}, "total_amount": {"passenger_count": 0.028075557625497724, "trip_distance": 0.8018646594638226, "fare_amount": 0.9450358776455468, "total_amount": 1.0}}, "kendall": {"passenger_count": {"passenger_count": 1.0, "trip_distance": 0.022358589956504266, "fare_amount": 0.012174588897978768, "total_amount": 0.02261263830122066}, "trip_distance": {"passenger_count": 0.022358589956504266, "trip_distance": 1.0, "fare_amount": 0.721891309904138, "total_amount": 0.6634565968474775}, "fare_amount": {"passenger_count": 0.012174588897978768, "trip_distance": 0.721891309904138, "fare_amount": 1.0, "total_amount": 0.8110526901388264}, "total_amount": {"passenger_count": 0.02261263830122066, "trip_distance": 0.6634565968474775, "fare_amount": 0.8110526901388264, "total_amount": 1.0}}, "cramer_v": {"PULocationID": {"PULocationID": 1.0, "DOLocationID": 0.5472805581440147}, "DOLocationID": {"PULocationID": 0.5472805581440147, "DOLocationID": 1.0}}}, "stats": {"pearson": {"type": "evidently.metrics.data_quality.dataset_correlations_metric.CorrelationStats", "target_prediction_correlation": null, "abs_max_target_features_correlation": null, "abs_max_prediction_features_correlation": null, "abs_max_correlation": 0.9596181579454943, "abs_max_features_correlation": 0.9596181579454943}, "spearman": {"type": "evidently.metrics.data_quality.dataset_correlations_metric.CorrelationStats", "target_prediction_correlation": null, "abs_max_target_features_correlation": null, "abs_max_prediction_features_correlation": null, "abs_max_correlation": 0.9450358776455468, "abs_max_features_correlation": 0.9450358776455468}, "kendall": {"type": "evidently.metrics.data_quality.dataset_correlations_metric.CorrelationStats", "target_prediction_correlation": null, "abs_max_target_features_correlation": null, "abs_max_prediction_features_correlation": null, "abs_max_correlation": 0.8110526901388264, "abs_max_features_correlation": 0.8110526901388264}, "cramer_v": {"type": "evidently.metrics.data_quality.dataset_correlations_metric.CorrelationStats", "target_prediction_correlation": null, "abs_max_target_features_correlation": null, "abs_max_prediction_features_correlation": null, "abs_max_correlation": 0.5472805581440147, "abs_max_features_correlation": 0.5472805581440147}}, "correlations_calculate": {"pearson": {"passenger_count": {"passenger_count": 1.0, "trip_distance": -0.005295207729846366, "fare_amount": 0.005145480665181229, "total_amount": 0.015390447706856809}, "trip_distance": {"passenger_count": -0.005295207729846366, "trip_distance": 1.0, "fare_amount": 0.8388371253281365, "total_amount": 0.8414829378838119}, "fare_amount": {"passenger_count": 0.005145480665181229, "trip_distance": 0.8388371253281365, "fare_amount": 1.0, "total_amount": 0.9596181579454943}, "total_amount": {"passenger_count": 0.015390447706856809, "trip_distance": 0.8414829378838119, "fare_amount": 0.9596181579454943, "total_amount": 1.0}}, "spearman": {"passenger_count": {"passenger_count": 1.0, "trip_distance": 0.02776926777372535, "fare_amount": 0.014802943435008164, "total_amount": 0.028075557625497724}, "trip_distance": {"passenger_count": 0.02776926777372535, "trip_distance": 1.0, "fare_amount": 0.8128196102225203, "total_amount": 0.8018646594638226}, "fare_amount": {"passenger_count": 0.014802943435008164, "trip_distance": 0.8128196102225203, "fare_amount": 1.0, "total_amount": 0.9450358776455468}, "total_amount": {"passenger_count": 0.028075557625497724, "trip_distance": 0.8018646594638226, "fare_amount": 0.9450358776455468, "total_amount": 1.0}}, "kendall": {"passenger_count": {"passenger_count": 1.0, "trip_distance": 0.022358589956504266, "fare_amount": 0.012174588897978768, "total_amount": 0.02261263830122066}, "trip_distance": {"passenger_count": 0.022358589956504266, "trip_distance": 1.0, "fare_amount": 0.721891309904138, "total_amount": 0.6634565968474775}, "fare_amount": {"passenger_count": 0.012174588897978768, "trip_distance": 0.721891309904138, "fare_amount": 1.0, "total_amount": 0.8110526901388264}, "total_amount": {"passenger_count": 0.02261263830122066, "trip_distance": 0.6634565968474775, "fare_amount": 0.8110526901388264, "total_amount": 1.0}}, "cramer_v": {"PULocationID": {"PULocationID": 1.0, "DOLocationID": 0.5472805581440147}, "DOLocationID": {"PULocationID": 0.5472805581440147, "DOLocationID": 1.0}}}}, "reference": null, "target_correlation": null}, {"type": "evidently.metrics.data_quality.column_quantile_metric.ColumnQuantileMetricResult", "column_name": "fare_amount", "column_type": "num", "quantile": 0.5, "current": {"type": "evidently.metrics.data_quality.column_quantile_metric.QuantileStats", "value": 12.8, "distribution": {"type": "evidently.metric_results.Distribution", "x": [-6.5, -1.3055555555555554, 3.8888888888888893, 9.083333333333334, 14.277777777777779, 19.47222222222222, 24.666666666666668, 29.861111111111114, 35.05555555555556, 40.25, 45.44444444444444, 50.63888888888889, 55.833333333333336, 61.027777777777786, 66.22222222222223, 71.41666666666667, 76.61111111111111, 81.80555555555556, 87.0], "y": [11, 36, 421, 646, 340, 174, 122, 83, 51, 16, 9, 9, 5, 3, 5, 6, 0, 1]}}, "reference": null}], "tests": [], "test_results": [], "options": {"color": null, "render": null, "custom": {}, "data_definition": null}, "data_definition": {"columns": {"passenger_count": {"column_name": "passenger_count", "column_type": "num"}, "trip_distance": {"column_name": "trip_distance", "column_type": "num"}, "fare_amount": {"column_name": "fare_amount", "column_type": "num"}, "total_amount": {"column_name": "total_amount", "column_type": "num"}, "PULocationID": {"column_name": "PULocationID", "column_type": "cat"}, "DOLocationID": {"column_name": "DOLocationID", "column_type": "cat"}, "lpep_pickup_datetime": {"column_name": "lpep_pickup_datetime", "column_type": "datetime"}, "lpep_dropoff_datetime": {"column_name": "lpep_dropoff_datetime", "column_type": "datetime"}}, "target": null, "prediction_columns": null, "id_column": null,