{"id": "fc544290-8029-4d9b-8c27-fa5107184496", "name": null, "timestamp": "2024-03-02T00:00:00", "metadata": {}, "tags": [], "suite": {"metrics": [{"type": "evidently.metrics.data_quality.dataset_correlations_metric.DatasetCorrelationsMetric", "options": {"color": null, "render": null, "custom": {}, "data_definition": null}}, {"type": "evidently.metrics.data_quality.column_quantile_metric.ColumnQuantileMetric", "options": {"color": null, "render": null, "custom": {}, "data_definition": null}, "column_name": {"type": "evidently.base_metric.ColumnName", "name": "fare_amount", "display_name": "fare_amount", "dataset": "main"}, "quantile": 0.5}], "metric_results": [{"type": "evidently.metrics.data_quality.dataset_correlations_metric.DatasetCorrelationsMetricResult", "current": {"type": "evidently.metrics.data_quality.dataset_correlations_metric.DatasetCorrelation", "correlation": {"pearson": {"passenger_count": {"passenger_count": 1.0, "trip_distance": 0.025132450407731693, "fare_amount": -0.00707262024406013, "total_amount": 0.0003283856570266182}, "trip_distance": {"passenger_count": 0.025132450407731693, "trip_distance": 1.0, "fare_amount": 0.7260114688932214, "total_amount": 0.7399041391824585}, "fare_amount": {"passenger_count": -0.00707262024406013, "trip_distance": 0.7260114688932214, "fare_amount": 1.0, "total_amount": 0.973747730262008}, "total_amount": {"passenger_count": 0.0003283856570266182, "trip_distance": 0.7399041391824585, "fare_amount": 0.973747730262008, "total_amount": 1.0}}, "spearman": {"passenger_count": {"passenger_count": 1.0, "trip_distance": 0.026609387654912223, "fare_amount": 0.007204259829183753, "total_amount": 0.015052038339428657}, "trip_distance": {"passenger_count": 0.026609387654912223, "trip_distance": 1.0, "fare_amount": 0.7759821000560526, "total_amount": 0.7684278826721088}, "fare_amount": {"passenger_count": 0.007204259829183753, "trip_distance": 0.7759821000560526, "fare_amount": 1.0, "total_amount": 0.960541036124183}, "total_amount": {"passenger_count": 0.015052038339428657, "trip_distance": 0.7684278826721088, "fare_amount": 0.960541036124183, "total_amount": 1.0}}, "kendall": {"passenger_count": {"passenger_count": 1.0, "trip_distance": 0.021376166550194444, "fare_amount": 0.005809158349916598, "total_amount": 0.012087270078665186}, "trip_distance": {"passenger_count": 0.021376166550194444, "trip_distance": 1.0, "fare_amount": 0.708590732797056, "total_amount": 0.6632718499532185}, "fare_amount": {"passenger_count": 0.005809158349916598, "trip_distance": 0.708590732797056, "fare_amount": 1.0, "total_amount": 0.8462800334534729}, "total_amount": {"passenger_count": 0.012087270078665186, "trip_distance": 0.6632718499532185, "fare_amount": 0.8462800334534729, "total_amount": 1.0}}, "cramer_v": {"PULocationID": {"PULocationID": 1.0, "DOLocationID": 0.5597587753931101}, "DOLocationID": {"PULocationID": 0.5597587753931101, "DOLocationID": 1.0}}}, "stats": {"pearson": {"type": "evidently.metrics.data_quality.dataset_correlations_metric.CorrelationStats", "target_prediction_correlation": null, "abs_max_target_features_correlation": null, "abs_max_prediction_features_correlation": null, "abs_max_correlation": 0.973747730262008, "abs_max_features_correlation": 0.973747730262008}, "spearman": {"type": "evidently.metrics.data_quality.dataset_correlations_metric.CorrelationStats", "target_prediction_correlation": null, "abs_max_target_features_correlation": null, "abs_max_prediction_features_correlation": null, "abs_max_correlation": 0.960541036124183, "abs_max_features_correlation": 0.960541036124183}, "kendall": {"type": "evidently.metrics.data_quality.dataset_correlations_metric.CorrelationStats", "target_prediction_correlation": null, "abs_max_target_features_correlation": null, "abs_max_prediction_features_correlation": null, "abs_max_correlation": 0.8462800334534729, "abs_max_features_correlation": 0.8462800334534729}, "cramer_v": {"type": "evidently.metrics.data_quality.dataset_correlations_metric.CorrelationStats", "target_prediction_correlation": null, "abs_max_target_features_correlation": null, "abs_max_prediction_features_correlation": null, "abs_max_correlation": 0.5597587753931101, "abs_max_features_correlation": 0.5597587753931101}}, "correlations_calculate": {"pearson": {"passenger_count": {"passenger_count": 1.0, "trip_distance": 0.025132450407731693, "fare_amount": -0.00707262024406013, "total_amount": 0.0003283856570266182}, "trip_distance": {"passenger_count": 0.025132450407731693, "trip_distance": 1.0, "fare_amount": 0.7260114688932214, "total_amount": 0.7399041391824585}, "fare_amount": {"passenger_count": -0.00707262024406013, "trip_distance": 0.7260114688932214, "fare_amount": 1.0, "total_amount": 0.973747730262008}, "total_amount": {"passenger_count": 0.0003283856570266182, "trip_distance": 0.7399041391824585, "fare_amount": 0.973747730262008, "total_amount": 1.0}}, "spearman": {"passenger_count": {"passenger_count": 1.0, "trip_distance": 0.026609387654912223, "fare_amount": 0.007204259829183753, "total_amount": 0.015052038339428657}, "trip_distance": {"passenger_count": 0.026609387654912223, "trip_distance": 1.0, "fare_amount": 0.7759821000560526, "total_amount": 0.7684278826721088}, "fare_amount": {"passenger_count": 0.007204259829183753, "trip_distance": 0.7759821000560526, "fare_amount": 1.0, "total_amount": 0.960541036124183}, "total_amount": {"passenger_count": 0.015052038339428657, "trip_distance": 0.7684278826721088, "fare_amount": 0.960541036124183, "total_amount": 1.0}}, "kendall": {"passenger_count": {"passenger_count": 1.0, "trip_distance": 0.021376166550194444, "fare_amount": 0.005809158349916598, "total_amount": 0.012087270078665186}, "trip_distance": {"passenger_count": 0.021376166550194444, "trip_distance": 1.0, "fare_amount": 0.708590732797056, "total_amount": 0.6632718499532185}, "fare_amount": {"passenger_count": 0.005809158349916598, "trip_distance": 0.708590732797056, "fare_amount": 1.0, "total_amount": 0.8462800334534729}, "total_amount": {"passenger_count": 0.012087270078665186, "trip_distance": 0.6632718499532185, "fare_amount": 0.8462800334534729, "total_amount": 1.0}}, "cramer_v": {"PULocationID": {"PULocationID": 1.0, "DOLocationID": 0.5597587753931101}, "DOLocationID": {"PULocationID": 0.5597587753931101, "DOLocationID": 1.0}}}}, "reference": null, "target_correlation": null}, {"type": "evidently.metrics.data_quality.column_quantile_metric.ColumnQuantileMetricResult", "column_name": "fare_amount", "column_type": "num", "quantile": 0.5, "current": {"type": "evidently.metrics.data_quality.column_quantile_metric.QuantileStats", "value": 12.8, "distribution": {"type": "evidently.metric_results.Distribution", "x": [-26.5, -13.36111111111111, -0.22222222222222143, 12.916666666666671, 26.055555555555557, 39.19444444444444, 52.33333333333334, 65.47222222222223, 78.61111111111111, 91.75, 104.88888888888889, 118.02777777777777, 131.16666666666669, 144.30555555555557, 157.44444444444446, 170.58333333333334, 183.72222222222223, 196.86111111111111, 210.0], "y": [1, 2, 754, 521, 146, 53, 21, 7, 0, 2, 1, 0, 0, 0, 0, 0, 0, 1]}}, "reference": null}], "tests": [], "test_results": [], "options": {"color": null, "render": null, "custom": {}, "data_definition": null}, "data_definition": {"columns": {"passenger_count": {"column_name": "passenger_count", "column_type": "num"}, "trip_distance": {"column_name": "trip_distance", "column_type": "num"}, "fare_amount": {"column_name": "fare_amount", "column_type": "num"}, "total_amount": {"column_name": "total_amount", "column_type": "num"}, "PULocationID": {"column_name": "PULocationID", "column_type": "cat"}, "DOLocationID": {"column_name": "DOLocationID", "column_type": "cat"}, "lpep_pickup_datetime": {"column_name": "lpep_pickup_datetime", "column_type": "datetime"}, "lpep_dropoff_datetime": {"column_name": "lpep_dropoff_datetime", "column_type": "datetime"}}, "target": null, "prediction_columns": null, "id_column": null,